prime_award_unique_key,prime_award_piid,prime_award_parent_piid,prime_award_amount,prime_award_disaster_emergency_fund_codes,prime_award_outlayed_amount_from_COVID-19_supplementals,prime_award_obligated_amount_from_COVID-19_supplementals,prime_award_outlayed_amount_from_IIJA_supplemental,prime_award_obligated_amount_from_IIJA_supplemental,prime_award_total_outlayed_amount,prime_award_base_action_date,prime_award_base_action_date_fiscal_year,prime_award_latest_action_date,prime_award_latest_action_date_fiscal_year,prime_award_period_of_performance_start_date,prime_award_period_of_performance_current_end_date,prime_award_period_of_performance_potential_end_date,prime_award_awarding_agency_code,prime_award_awarding_agency_name,prime_award_awarding_sub_agency_code,prime_award_awarding_sub_agency_name,prime_award_awarding_office_code,prime_award_awarding_office_name,prime_award_funding_agency_code,prime_award_funding_agency_name,prime_award_funding_sub_agency_code,prime_award_funding_sub_agency_name,prime_award_funding_office_code,prime_award_funding_office_name,prime_award_treasury_accounts_funding_this_award,prime_award_federal_accounts_funding_this_award,prime_award_object_classes_funding_this_award,prime_award_program_activities_funding_this_award,prime_awardee_uei,prime_awardee_duns,prime_awardee_name,prime_awardee_dba_name,prime_awardee_parent_uei,prime_awardee_parent_duns,prime_awardee_parent_name,prime_awardee_country_code,prime_awardee_country_name,prime_awardee_address_line_1,prime_awardee_city_name,prime_awardee_county_fips_code,prime_awardee_county_name,prime_awardee_state_fips_code,prime_awardee_state_code,prime_awardee_state_name,prime_awardee_zip_code,prime_award_summary_recipient_cd_original,prime_award_summary_recipient_cd_current,prime_awardee_foreign_postal_code,prime_awardee_business_types,prime_award_primary_place_of_performance_city_name,prime_award_primary_place_of_performance_county_fips_code,prime_award_primary_place_of_performance_county_name,prime_award_primary_place_of_performance_state_fips_code,prime_award_primary_place_of_performance_state_code,prime_award_primary_place_of_performance_state_name,prime_award_primary_place_of_performance_address_zip_code,prime_award_summary_place_of_performance_cd_original,prime_award_summary_place_of_performance_cd_current,prime_award_primary_place_of_performance_country_code,prime_award_primary_place_of_performance_country_name,prime_award_base_transaction_description,prime_award_project_title,prime_award_naics_code,prime_award_naics_description,prime_award_national_interest_action_code,prime_award_national_interest_action,subaward_type,subaward_sam_report_id,subaward_sam_report_year,subaward_sam_report_month,subaward_number,subaward_amount,subaward_action_date,subaward_action_date_fiscal_year,subawardee_uei,subawardee_duns,subawardee_name,subawardee_dba_name,subawardee_parent_uei,subawardee_parent_duns,subawardee_parent_name,subawardee_country_code,subawardee_country_name,subawardee_address_line_1,subawardee_city_name,subawardee_state_code,subawardee_state_name,subawardee_zip_code,subaward_recipient_cd_original,subaward_recipient_cd_current,subawardee_foreign_postal_code,subawardee_business_types,subaward_primary_place_of_performance_city_name,subaward_primary_place_of_performance_state_code,subaward_primary_place_of_performance_state_name,subaward_primary_place_of_performance_address_zip_code,subaward_place_of_performance_cd_original,subaward_place_of_performance_cd_current,subaward_primary_place_of_performance_country_code,subaward_primary_place_of_performance_country_name,subaward_description,subawardee_highly_compensated_officer_1_name,subawardee_highly_compensated_officer_1_amount,subawardee_highly_compensated_officer_2_name,subawardee_highly_compensated_officer_2_amount,subawardee_highly_compensated_officer_3_name,subawardee_highly_compensated_officer_3_amount,subawardee_highly_compensated_officer_4_name,subawardee_highly_compensated_officer_4_amount,subawardee_highly_compensated_officer_5_name,subawardee_highly_compensated_officer_5_amount,usaspending_permalink,subaward_sam_report_last_modified_date
CONT_AWD_693JK425F96031N_6901_693JJ319A000013_6925,693JK425F96031N,693JJ319A000013,650000.00,1: Non-emergency P.L. 117-58;Q: Not Designated Nonemergency/Emergency/Disaster/Wildfire Suppression,,,0,500000.00,25142.40,2025-09-26,2025,2025-09-26,2025,2025-09-26,2026-09-25,2028-09-25,069,Department of Transportation (DOT),6901,OFFICE OF THE SECRETARY,693JK4,693JK4 OST,069,Department of Transportation (DOT),6901,OFFICE OF THE SECRETARY,693JK6,OST OFFICE OF THE IMMEDIATE SEC.,069-069-X-8083-030,069-8083,25.1: Advisory and assistance services,"0029: RESEARCH, TECHNOLOGY AND EDUCATION PROGRAM;0801: FEDERAL-AID HIGHWAYS (REIMBURSABLE)",VMRTJLWMQRH7,,HALVIK CORP,,VMRTJLWMQRH7,,HALVIK CORP.,USA,UNITED STATES,1600 SPRING HILL RD,VIENNA,51059,FAIRFAX,51,VA,VIRGINIA,221822229,VA-11,VA-11,,"Self Certified Small Disadvantaged Business,For Profit Organization,Limited Liability Company",WASHINGTON,11001,DISTRICT OF COLUMBIA,11,DC,DISTRICT OF COLUMBIA,205900001,DC-98,DC-98,USA,UNITED STATES,"ESTABLISH A NEW BPA CALL ORDER  NEW TITLED INGESTING & PROCESSING NEW DATA SOURCES UNDER THE DOT SWES BPA THROUGH HALVIK AND ADD PARTIAL FUNDING IN THE AMOUNT OF $650,000.00.  PERIOD OF PERFORMANCE: SEPTEMBER 26, 2025-SEPTEMBER 25, 2028 BASE:",,541511,CUSTOM COMPUTER PROGRAMMING SERVICES,,,sub-contract,49A86E1F-6A49-4A7C-812A-1FD15A0D9DD6,2026,3,CONCINNATE-BTS-IPNDS M1,91948.80,2026-03-02,2026,JWS9V5WMZGS7,966675873,"CONCINNATE SOLUTIONS, LLC",CONCINNATE SOLUTIONS LLC,,,,USA,UNITED STATES,19747 WILLOWDALE PL,ASHBURN,VA,VIRGINIA,20147-5208,VA-10,VA-10,,"FOR PROFIT ORGANIZATION,BUSINESS OR ORGANIZATION,LIMITED LIABILITY COMPANY",,,,,,,USA,,MOD 1 - ADD FUNDING,,,,,,,,,,,https://www.usaspending.gov/award/CONT_AWD_693JK425F96031N_6901_693JJ319A000013_6925/,2026-03-02 00:00:00+00
CONT_AWD_N6238715C2505_9700_-NONE-_-NONE-,N6238715C2505,,630713990.59,,,,,,,2014-11-20,2015,2024-10-24,2025,2014-11-20,2023-09-30,2023-09-30,097,Department of Defense (DOD),1700,DEPT OF THE NAVY,N32205,MSC NORFOLK,097,Department of Defense (DOD),1700,DEPT OF THE NAVY,N32205,MSC NORFOLK,,,,,VMEFT5X61JT9,,"CROWLEY TECHNICAL MANAGEMENT, INC.",,VMEFT5X61JT9,,CROWLEY GOVERNMENT SERVICES  INC.,USA,UNITED STATES,9487 REGENCY SQUARE BLVD,JACKSONVILLE,12031,DUVAL,12,FL,FLORIDA,322258126,FL-05,FL-05,,"For Profit Organization,Manufacturer of Goods",JACKSONVILLE,12031,DUVAL,12,FL,FLORIDA,322258126,FL-05,FL-05,USA,UNITED STATES,"OPERATION&MAINTENANCE OF T-AGOS/T-AGM VESSELS, FIRM PERIOD CONTRACT AWARD",,483111,DEEP SEA FREIGHT TRANSPORTATION,,,sub-contract,9C2FEDAF-B83E-4C0B-AED5-265A55474370,2026,3,VP26-00287,60000.00,2026-03-02,2026,FTR1JM9ANBM4,174001842,INCHCAPE SHIPPING SERVICES INC,ISS MACHINERY,FTR1JM9ANBM4,174001842,INCHCAPE SHIPPING SERVICES INC,USA,UNITED STATES,1000 RT 9 NORTH,WOODBRIDGE,NJ,NEW JERSEY,07095-1200,,NJ-06,,BUSINESS OR ORGANIZATION,,,,,,,USA,,USNS EFFECTIVE - AGENT,,,,,,,,,,,https://www.usaspending.gov/award/CONT_AWD_N6238715C2505_9700_-NONE-_-NONE-/,2026-03-02 00:00:00+00
CONT_AWD_N6238715C2505_9700_-NONE-_-NONE-,N6238715C2505,,630713990.59,,,,,,,2014-11-20,2015,2024-10-24,2025,2014-11-20,2023-09-30,2023-09-30,097,Department of Defense (DOD),1700,DEPT OF THE NAVY,N32205,MSC NORFOLK,097,Department of Defense (DOD),1700,DEPT OF THE NAVY,N32205,MSC NORFOLK,,,,,VMEFT5X61JT9,,"CROWLEY TECHNICAL MANAGEMENT, INC.",,VMEFT5X61JT9,,CROWLEY GOVERNMENT SERVICES  INC.,USA,UNITED STATES,9487 REGENCY SQUARE BLVD,JACKSONVILLE,12031,DUVAL,12,FL,FLORIDA,322258126,FL-05,FL-05,,"For Profit Organization,Manufacturer of Goods",JACKSONVILLE,12031,DUVAL,12,FL,FLORIDA,322258126,FL-05,FL-05,USA,UNITED STATES,"OPERATION&MAINTENANCE OF T-AGOS/T-AGM VESSELS, FIRM PERIOD CONTRACT AWARD",,483111,DEEP SEA FREIGHT TRANSPORTATION,,,sub-contract,F3A83607-25BD-416E-BBFD-2282BC6A2622,2026,3,VP26-00353,60000.00,2026-03-02,2026,FTR1JM9ANBM4,174001842,INCHCAPE SHIPPING SERVICES INC,ISS MACHINERY,FTR1JM9ANBM4,174001842,INCHCAPE SHIPPING SERVICES INC,USA,UNITED STATES,1000 RT 9 NORTH,WOODBRIDGE,NJ,NEW JERSEY,07095-1200,,NJ-06,,BUSINESS OR ORGANIZATION,,,,,,,USA,,USNS LORENZEN - AGENT,,,,,,,,,,,https://www.usaspending.gov/award/CONT_AWD_N6238715C2505_9700_-NONE-_-NONE-/,2026-03-02 00:00:00+00
CONT_AWD_N6238715C2505_9700_-NONE-_-NONE-,N6238715C2505,,630713990.59,,,,,,,2014-11-20,2015,2024-10-24,2025,2014-11-20,2023-09-30,2023-09-30,097,Department of Defense (DOD),1700,DEPT OF THE NAVY,N32205,MSC NORFOLK,097,Department of Defense (DOD),1700,DEPT OF THE NAVY,N32205,MSC NORFOLK,,,,,VMEFT5X61JT9,,"CROWLEY TECHNICAL MANAGEMENT, INC.",,VMEFT5X61JT9,,CROWLEY GOVERNMENT SERVICES  INC.,USA,UNITED STATES,9487 REGENCY SQUARE BLVD,JACKSONVILLE,12031,DUVAL,12,FL,FLORIDA,322258126,FL-05,FL-05,,"For Profit Organization,Manufacturer of Goods",JACKSONVILLE,12031,DUVAL,12,FL,FLORIDA,322258126,FL-05,FL-05,USA,UNITED STATES,"OPERATION&MAINTENANCE OF T-AGOS/T-AGM VESSELS, FIRM PERIOD CONTRACT AWARD",,483111,DEEP SEA FREIGHT TRANSPORTATION,,,sub-contract,D9A45706-5D68-45D3-87DF-DF90D119D461,2026,3,VP26-00352,60000.00,2026-03-02,2026,FTR1JM9ANBM4,174001842,INCHCAPE SHIPPING SERVICES INC,ISS MACHINERY,FTR1JM9ANBM4,174001842,INCHCAPE SHIPPING SERVICES INC,USA,UNITED STATES,1000 RT 9 NORTH,WOODBRIDGE,NJ,NEW JERSEY,07095-1200,,NJ-06,,BUSINESS OR ORGANIZATION,,,,,,,USA,,USNS LORENZEN - AGENT,,,,,,,,,,,https://www.usaspending.gov/award/CONT_AWD_N6238715C2505_9700_-NONE-_-NONE-/,2026-03-02 00:00:00+00
CONT_AWD_SP470124C0065_9700_-NONE-_-NONE-,SP470124C0065,,21433977.14,Q: Not Designated Nonemergency/Emergency/Disaster/Wildfire Suppression,,,,,2685375.01,2024-09-25,2024,2025-11-10,2026,2024-09-25,2026-12-31,2026-12-31,097,Department of Defense (DOD),97AS,DEFENSE LOGISTICS AGENCY,SP4701,DCSO PHILADELPHIA,097,Department of Defense (DOD),97AS,DEFENSE LOGISTICS AGENCY,SP4701,DCSO PHILADELPHIA,097-X-4930-005,097-4930,25.5: Research and development contracts;31.0: Equipment,0801: REIMBURSABLE,D59KUYKHWNV5,,"DIRAC SOLUTIONS, INC.",DIRAC SOLUTIONS INC,D59KUYKHWNV5,,DIRAC SOLUTIONS  INC.,USA,UNITED STATES,5776 STONERIDGE MALL RD STE 290,PLEASANTON,06001,ALAMEDA,06,CA,CALIFORNIA,945882863,CA-14,CA-14,,For Profit Organization,PLEASANTON,06001,ALAMEDA,06,CA,CALIFORNIA,945882863,CA-14,CA-14,USA,UNITED STATES,DIRAC SOLUTIONS INC. SBIR III AWARD UNDER STRATEGIC DISTRIBUTION AND DISPOSITION (SDD) BAA FOR WIRELESS INVENTORY AUTOMATION FOR DLA DISTRIBUTION CENTERS.,,541715,"RESEARCH AND DEVELOPMENT IN THE PHYSICAL, ENGINEERING, AND LIFE SCIENCES (EXCEPT NANOTECHNOLOGY AND BIOTECHNOLOGY)",,,sub-contract,2F44EE3B-A146-47F7-A312-4B4C4F45BC51,2026,3,DSI-AE-2025-1,390042.00,2026-03-02,2026,FLBBFQPTPWW1,084370949,ACKER ELECTRIC COMPANY INC,,FLBBFQPTPWW1,084370949,ACKER ELECTRIC COMPANY INC,USA,UNITED STATES,4265 HILL ST,ANNISTON,AL,ALABAMA,36206-2107,AL-03,AL-03,,"SELF CERTIFIED SMALL DISADVANTAGED BUSINESS,FOR PROFIT ORGANIZATION,BUSINESS OR ORGANIZATION,SUBCHAPTER S CORPORATION",,,,,,,USA,,"ACKER ELECTRIC WILL PERFORM INSTALLATION SERVICES AT THE DLA ANNISTON, ALABAMA FACILITY FOR THE RFID SYSTEM TEST AND EVALUATION.  ORIGINAL SUBK DATED 7/2/2025 OF $371,187.  CHANGE 1 +$7,030; CHANGE 2 + $7,460; CHANGE 3 +$3,365.",,,,,,,,,,,https://www.usaspending.gov/award/CONT_AWD_SP470124C0065_9700_-NONE-_-NONE-/,2026-03-03 00:00:00+00
CONT_AWD_693JK326F00005N_6957_693JJ319A000013_6925,693JK326F00005N,693JJ319A000013,1000000.00,,,,,,,2026-02-26,2026,2026-02-26,2026,2026-03-01,2027-02-28,2028-02-29,069,Department of Transportation (DOT),6957,PIPELINE AND HAZARDOUS MATERIALS SAFETY ADMINISTRATION,693JK3,693JK3 ACQUISITION SERVICES DIV.,069,Department of Transportation (DOT),6957,PIPELINE AND HAZARDOUS MATERIALS SAFETY ADMINISTRATION,693JK3,693JK3 ACQUISITION SERVICES DIV.,,,,,VMRTJLWMQRH7,,HALVIK CORP,,VMRTJLWMQRH7,,HALVIK CORP.,USA,UNITED STATES,1600 SPRING HILL RD,VIENNA,51059,FAIRFAX,51,VA,VIRGINIA,221822229,VA-11,VA-11,,"Self Certified Small Disadvantaged Business,For Profit Organization,Limited Liability Company",VIENNA,51059,FAIRFAX,51,VA,VIRGINIA,221822229,VA-11,VA-11,USA,UNITED STATES,THE PURPOSE OF THIS BLANKET PURCHASE AGREEMENT (BPA) CALL IS TO AWARD A NEW CONTRACT FOR THE PIPELINE & HAZARDOUS MATERIALS SAFETY ADMINISTRATION (PHMSA) PROJECT MANAGEMENT AND OPERATIONS AND MAINTENANCE (O&M) SUPPORT AS A LOGICAL FOLLOW ON (,,541511,CUSTOM COMPUTER PROGRAMMING SERVICES,,,sub-contract,AE9FABD3-2B1B-4B66-8B74-CEEB3D83D628,2026,3,NEUSOFT-SWES-PHMSA-AWARD,88488.00,2026-03-03,2026,FGM3XHY88UA1,142779011,NEUSOFT LLC,NEUSOFT LLC,,,,USA,UNITED STATES,2819 THISTLEBERRY CT,HERNDON,VA,VIRGINIA,20171-3848,VA-11,VA-11,,"SELF CERTIFIED SMALL DISADVANTAGED BUSINESS,FOR PROFIT ORGANIZATION,WOMEN-OWNED SMALL BUSINESS,WOMEN-OWNED BUSINESS,BUSINESS OR ORGANIZATION,LIMITED LIABILITY COMPANY",,,,,,,USA,,AWARD,,,,,,,,,,,https://www.usaspending.gov/award/CONT_AWD_693JK326F00005N_6957_693JJ319A000013_6925/,2026-03-03 00:00:00+00
CONT_AWD_693JK326F00005N_6957_693JJ319A000013_6925,693JK326F00005N,693JJ319A000013,1000000.00,,,,,,,2026-02-26,2026,2026-02-26,2026,2026-03-01,2027-02-28,2028-02-29,069,Department of Transportation (DOT),6957,PIPELINE AND HAZARDOUS MATERIALS SAFETY ADMINISTRATION,693JK3,693JK3 ACQUISITION SERVICES DIV.,069,Department of Transportation (DOT),6957,PIPELINE AND HAZARDOUS MATERIALS SAFETY ADMINISTRATION,693JK3,693JK3 ACQUISITION SERVICES DIV.,,,,,VMRTJLWMQRH7,,HALVIK CORP,,VMRTJLWMQRH7,,HALVIK CORP.,USA,UNITED STATES,1600 SPRING HILL RD,VIENNA,51059,FAIRFAX,51,VA,VIRGINIA,221822229,VA-11,VA-11,,"Self Certified Small Disadvantaged Business,For Profit Organization,Limited Liability Company",VIENNA,51059,FAIRFAX,51,VA,VIRGINIA,221822229,VA-11,VA-11,USA,UNITED STATES,THE PURPOSE OF THIS BLANKET PURCHASE AGREEMENT (BPA) CALL IS TO AWARD A NEW CONTRACT FOR THE PIPELINE & HAZARDOUS MATERIALS SAFETY ADMINISTRATION (PHMSA) PROJECT MANAGEMENT AND OPERATIONS AND MAINTENANCE (O&M) SUPPORT AS A LOGICAL FOLLOW ON (,,541511,CUSTOM COMPUTER PROGRAMMING SERVICES,,,sub-contract,7B7540CD-F363-4761-85B6-770236AD2DFF,2026,3,SKANDA-SWES-PHMSA-AWARD,32513.52,2026-03-03,2026,JUJ4Q5A4KMY9,,SKANDA INFOTECH INC,,,,,USA,UNITED STATES,41433 BLACK CHERRY TER,ALDIE,VA,VIRGINIA,20105,VA-10,VA-10,,"MINORITY-OWNED BUSINESS,SELF CERTIFIED SMALL DISADVANTAGED BUSINESS,FOR PROFIT ORGANIZATION,BUSINESS OR ORGANIZATION,INDIVIDUAL OR CONCERN, OTHER THAN ONE OF THE PRECEDING,SUBCHAPTER S CORPORATION",,,,,,,USA,,AWARD,,,,,,,,,,,https://www.usaspending.gov/award/CONT_AWD_693JK326F00005N_6957_693JJ319A000013_6925/,2026-03-03 00:00:00+00
CONT_AWD_1333BJ23F00280042_1344_47QTCB21D0111_4732,1333BJ23F00280042,47QTCB21D0111,4525212.13,Q: Not Designated Nonemergency/Emergency/Disaster/Wildfire Suppression,,,,,,2023-08-08,2023,2026-02-18,2026,2023-08-20,2026-05-28,2026-05-28,013,Department of Commerce (DOC),1344,US PATENT AND TRADEMARK OFFICE,1333BJ,DEPT OF COMMERCE PTO,013,Department of Commerce (DOC),1344,US PATENT AND TRADEMARK OFFICE,1333BJ,DEPT OF COMMERCE PTO,013-X-1006-000,013-1006,25.7: Operation and maintenance of equipment;31.0: Equipment,0801: PATENTS;0802: TRADEMARKS,VMRTJLWMQRH7,,HALVIK CORP,,VMRTJLWMQRH7,,HALVIK CORP.,USA,UNITED STATES,"1600 SPRING HILL RD, SUITE 240",VIENNA,51059,FAIRFAX,51,VA,VIRGINIA,221822229,VA-11,VA-11,,"Self Certified Small Disadvantaged Business,For Profit Organization,Limited Liability Company",BRIDGEWATER,51165,ROCKINGHAM,51,VA,VIRGINIA,228129526,VA-06,VA-06,USA,UNITED STATES,ENTERPRISE INFRASTRUCTURE PRODUCT LINE (EIPL) SECURITY OPERATIONS SUPPORT (SOS),,541512,COMPUTER SYSTEMS DESIGN SERVICES,,,sub-contract,1F004F89-BD90-4E39-BB4D-73A443FED86B,2026,3,ECS-USPTO-SOS AWARD,57960.00,2026-03-04,2026,XYB4JU4PA6T4,806026852,"ECS FEDERAL, LLC",,QJJMSGVAUN66,,ASGN INCORPORATED,USA,UNITED STATES,2750 PROSPERITY AVE STE 600,FAIRFAX,VA,VIRGINIA,22031-4312,VA-11,VA-11,,"FOR PROFIT ORGANIZATION,BUSINESS OR ORGANIZATION,LIMITED LIABILITY COMPANY",,,,,,,USA,,ORIGINAL SUBK AWARD,,,,,,,,,,,https://www.usaspending.gov/award/CONT_AWD_1333BJ23F00280042_1344_47QTCB21D0111_4732/,2026-03-04 00:00:00+00
CONT_AWD_47QFSA25F0011_4732_GS00Q14OADS721_4732,47QFSA25F0011,GS00Q14OADS721,158945484.40,Q: Not Designated Nonemergency/Emergency/Disaster/Wildfire Suppression,,,,,,2024-12-16,2025,2026-03-03,2026,2025-01-07,2026-12-19,2029-12-19,047,General Services Administration (GSA),4732,FEDERAL ACQUISITION SERVICE,47QFSA,GSA FAS AAS REGION 4,097,Department of Defense (DOD),5700,DEPT OF THE AIR FORCE,F87700,ACCTG DISB STA NR 387700,047-X-4534-001,047-4534,25.1: Advisory and assistance services,0850: ASSISTED ACQUISITION SERVICES (AAS) - FLOW-THRU,R8KMUKAJRKJ6,,"MODERN TECHNOLOGY SOLUTIONS, INC.",,R8KMUKAJRKJ6,,MODERN TECHNOLOGY SOLUTIONS  INC.,USA,UNITED STATES,5285 SHAWNEE RD STE 400,ALEXANDRIA,51059,FAIRFAX,51,VA,VIRGINIA,223122328,VA-08,VA-08,,"For Profit Organization,Subchapter S Corporation",TUCSON,04019,PIMA,04,AZ,ARIZONA,857011800,AZ-07,AZ-07,USA,UNITED STATES,"THE OBJECTIVE OF THE ARCWERX ARTEMIS ACQUISITION IS TO PROVIDE PROGRAM MANAGEMENT,  INNOVATIVE R&D, SW DEVELOPMENT, DIGITAL ENGINEERING, AIRCRAFT AND  AEROSPACE SYSTEMS INTEGRATION AND TESTING, MISSION CONCEPTS OF OPERATION, AND TRAINING.",,541712,"RESEARCH AND DEVELOPMENT IN THE PHYSICAL, ENGINEERING, AND LIFE SCIENCES (EXCEPT BIOTECHNOLOGY)",,,sub-contract,BCBC63A5-F854-40B6-B855-AA9E77818512,2026,3,I25-20242-ASRI-TO1,712725.40,2026-03-04,2026,MQKTUX15LLU5,799109194,AI SIGNAL RESEARCH INC,,MQKTUX15LLU5,799109194,AI SIGNAL RESEARCH INC,USA,UNITED STATES,2001 NICHOLS DR SW,HUNTSVILLE,AL,ALABAMA,35802-4717,AL-05,AL-05,,"FOR PROFIT ORGANIZATION,BUSINESS OR ORGANIZATION,ASIAN-PACIFIC AMERICAN OWNED,SUBCHAPTER S CORPORATION",,,,,,,USA,,TECHNICAL SERVICES,Anthony Jones,234601.00,William Colson,229959.00,Jay Vaughan,199474.00,Jeff Duchock,201358.00,Victor Walczak,221329.00,https://www.usaspending.gov/award/CONT_AWD_47QFSA25F0011_4732_GS00Q14OADS721_4732/,2026-03-04 00:00:00+00
CONT_AWD_47QFSA25F0011_4732_GS00Q14OADS721_4732,47QFSA25F0011,GS00Q14OADS721,158945484.40,Q: Not Designated Nonemergency/Emergency/Disaster/Wildfire Suppression,,,,,,2024-12-16,2025,2026-03-03,2026,2025-01-07,2026-12-19,2029-12-19,047,General Services Administration (GSA),4732,FEDERAL ACQUISITION SERVICE,47QFSA,GSA FAS AAS REGION 4,097,Department of Defense (DOD),5700,DEPT OF THE AIR FORCE,F87700,ACCTG DISB STA NR 387700,047-X-4534-001,047-4534,25.1: Advisory and assistance services,0850: ASSISTED ACQUISITION SERVICES (AAS) - FLOW-THRU,R8KMUKAJRKJ6,,"MODERN TECHNOLOGY SOLUTIONS, INC.",,R8KMUKAJRKJ6,,MODERN TECHNOLOGY SOLUTIONS  INC.,USA,UNITED STATES,5285 SHAWNEE RD STE 400,ALEXANDRIA,51059,FAIRFAX,51,VA,VIRGINIA,223122328,VA-08,VA-08,,"For Profit Organization,Subchapter S Corporation",TUCSON,04019,PIMA,04,AZ,ARIZONA,857011800,AZ-07,AZ-07,USA,UNITED STATES,"THE OBJECTIVE OF THE ARCWERX ARTEMIS ACQUISITION IS TO PROVIDE PROGRAM MANAGEMENT,  INNOVATIVE R&D, SW DEVELOPMENT, DIGITAL ENGINEERING, AIRCRAFT AND  AEROSPACE SYSTEMS INTEGRATION AND TESTING, MISSION CONCEPTS OF OPERATION, AND TRAINING.",,541712,"RESEARCH AND DEVELOPMENT IN THE PHYSICAL, ENGINEERING, AND LIFE SCIENCES (EXCEPT BIOTECHNOLOGY)",,,sub-contract,6BDC2095-D61F-40C3-979E-D021FB875CA8,2026,3,I25-20242-IWV-TO1,608160.40,2026-03-04,2026,ZXWKEMW3XXK9,,"IRON WILL VENTURES, INC",,,,,USA,UNITED STATES,103 QUALITY CIR NW STE 220,HUNTSVILLE,AL,ALABAMA,35806-4537,AL-05,AL-05,,"SELF CERTIFIED SMALL DISADVANTAGED BUSINESS,FOR PROFIT ORGANIZATION,BUSINESS OR ORGANIZATION",,,,,,,USA,,TECHNICAL SERVICES,,,,,,,,,,,https://www.usaspending.gov/award/CONT_AWD_47QFSA25F0011_4732_GS00Q14OADS721_4732/,2026-03-04 00:00:00+00
CONT_AWD_693JJ322F00429N_6925_693JJ319A000013_6925,693JJ322F00429N,693JJ319A000013,7474635.08,Q: Not Designated Nonemergency/Emergency/Disaster/Wildfire Suppression,,,,,5833849.61,2022-09-28,2022,2026-03-06,2026,2022-09-28,2026-06-12,2026-06-12,069,Department of Transportation (DOT),6925,FEDERAL HIGHWAY ADMINISTRATION,693JJ3,693JJ3 ACQUISITION AND GRANTS MGT,069,Department of Transportation (DOT),6901,OFFICE OF THE SECRETARY,693JK5,WCF OFFICE OF THE IMMEDIATE SEC.,069-X-4520-000,069-4520,25.2: Other services from non-Federal sources,0801: DOT SERVICE CENTER ACTIVITIES,VMRTJLWMQRH7,,HALVIK CORP,,VMRTJLWMQRH7,,HALVIK CORP.,USA,UNITED STATES,1600 SPRING HILL RD,VIENNA,51059,FAIRFAX,51,VA,VIRGINIA,221822229,VA-11,VA-11,,"Self Certified Small Disadvantaged Business,For Profit Organization,Limited Liability Company",WASHINGTON,11001,DISTRICT OF COLUMBIA,11,DC,DISTRICT OF COLUMBIA,205900001,DC-98,DC-98,USA,UNITED STATES,TO ISSUE A NEW TASK ORDER UNDER THE SWES BPA FOR OST APPLICATION SUPPORT.,,541511,CUSTOM COMPUTER PROGRAMMING SERVICES,,,sub-contract,12894F76-D1BA-4F84-9FB5-0474F46B5074,2026,3,SWIFTFORE-DOT-SWES-OST-APP-MOD 4,10500.00,2026-03-03,2026,RTD1WA937QE7,080777987,"SWIFTFORE, INC.",SWIFTFORE INC,,,,USA,UNITED STATES,8501 WISPY BRANCH CT,LAUREL,MD,MARYLAND,20723-1041,MD-03,MD-03,,"MINORITY-OWNED BUSINESS,SELF CERTIFIED SMALL DISADVANTAGED BUSINESS,FOR PROFIT ORGANIZATION,ECONOMICALLY DISADVANTAGED WOMEN OWNED SMALL BUSINESS,WOMEN-OWNED SMALL BUSINESS,WOMEN-OWNED BUSINESS,BUSINESS OR ORGANIZATION,SUBCONTINENT ASIAN (ASIAN-INDIAN) AMERICAN OWNED,SUBCHAPTER S CORPORATION",,,,,,,USA,,MOD 4  - ADD FUNDING,,,,,,,,,,,https://www.usaspending.gov/award/CONT_AWD_693JJ322F00429N_6925_693JJ319A000013_6925/,2026-03-04 00:00:00+00
CONT_AWD_693JK326F00005N_6957_693JJ319A000013_6925,693JK326F00005N,693JJ319A000013,1000000.00,,,,,,,2026-02-26,2026,2026-02-26,2026,2026-03-01,2027-02-28,2028-02-29,069,Department of Transportation (DOT),6957,PIPELINE AND HAZARDOUS MATERIALS SAFETY ADMINISTRATION,693JK3,693JK3 ACQUISITION SERVICES DIV.,069,Department of Transportation (DOT),6957,PIPELINE AND HAZARDOUS MATERIALS SAFETY ADMINISTRATION,693JK3,693JK3 ACQUISITION SERVICES DIV.,,,,,VMRTJLWMQRH7,,HALVIK CORP,,VMRTJLWMQRH7,,HALVIK CORP.,USA,UNITED STATES,1600 SPRING HILL RD,VIENNA,51059,FAIRFAX,51,VA,VIRGINIA,221822229,VA-11,VA-11,,"Self Certified Small Disadvantaged Business,For Profit Organization,Limited Liability Company",VIENNA,51059,FAIRFAX,51,VA,VIRGINIA,221822229,VA-11,VA-11,USA,UNITED STATES,THE PURPOSE OF THIS BLANKET PURCHASE AGREEMENT (BPA) CALL IS TO AWARD A NEW CONTRACT FOR THE PIPELINE & HAZARDOUS MATERIALS SAFETY ADMINISTRATION (PHMSA) PROJECT MANAGEMENT AND OPERATIONS AND MAINTENANCE (O&M) SUPPORT AS A LOGICAL FOLLOW ON (,,541511,CUSTOM COMPUTER PROGRAMMING SERVICES,,,sub-contract,74E9EE2E-7943-42E9-A666-85FFA4D5859A,2026,3,AKCONSULTING-SWES-PHMSA-AWARD,60066.24,2026-03-04,2026,DVEXTMMUZHN9,361761765,"AK CONSULTING, INC",AK CONSULTING,,,,USA,UNITED STATES,3747 N OAKLAND ST,ARLINGTON,VA,VIRGINIA,22207,VA-08,VA-08,,"MINORITY-OWNED BUSINESS,FOR PROFIT ORGANIZATION,BUSINESS OR ORGANIZATION,SUBCONTINENT ASIAN (ASIAN-INDIAN) AMERICAN OWNED,SUBCHAPTER S CORPORATION",,,,,,,USA,,AWARD,,,,,,,,,,,https://www.usaspending.gov/award/CONT_AWD_693JK326F00005N_6957_693JJ319A000013_6925/,2026-03-04 00:00:00+00
CONT_AWD_70CMSD23FR0000202_7012_GS00Q14OADS111_4732,70CMSD23FR0000202,GS00Q14OADS111,9955815.05,Q: Not Designated Nonemergency/Emergency/Disaster/Wildfire Suppression,,,,,5474949.91,2023-09-19,2023,2026-02-12,2026,2023-09-20,2026-09-19,2026-09-19,070,Department of Homeland Security (DHS),7012,U.S. IMMIGRATION AND CUSTOMS ENFORCEMENT,70CMSD,INVESTIGATIONS AND OPERATIONS SUPPORT DALLAS,070,Department of Homeland Security (DHS),7012,U.S. IMMIGRATION AND CUSTOMS ENFORCEMENT,70CSEV,STUDENT EXCHANGE AND VISITOR PROGRAM,070-X-5378-000,070-5378,25.1: Advisory and assistance services,0004: CAS - IMMIGRATION AND CUSTOMS ENFORCEMENT,H3UEVKGGU2A4,,"CHEVO CONSULTING, LLC",,H3UEVKGGU2A4,,CHEVO LLC,USA,UNITED STATES,"2275 RESEARCH BLVD., STE 100",ROCKVILLE,24031,MONTGOMERY,24,MD,MARYLAND,208503340,MD-08,MD-08,,"For Profit Organization,Woman Owned Small Business,Woman Owned Business,Limited Liability Company",ROCKVILLE,24031,MONTGOMERY,24,MD,MARYLAND,208503340,MD-08,MD-08,USA,UNITED STATES,"STUDENT AND EXCHANGE VISITOR PROGRAM (SEVP) FEE MANAGEMENT SUPPORT, PROFESSIONAL SERVICES",,541330,ENGINEERING SERVICES,,,sub-contract,BDB38493-3965-4AE4-BB69-6915FA77CE1F,2026,3,0000000570,750000.00,2026-03-04,2026,VHGQJ6ZZMQ71,,INTEL EVOLUTIONS LLC,,,,,USA,UNITED STATES,2504 N FLORIDA ST,ARLINGTON,VA,VIRGINIA,22207,VA-08,VA-08,,"FOR PROFIT ORGANIZATION,BUSINESS OR ORGANIZATION,LIMITED LIABILITY COMPANY",,,,,,,USA,,ICE SEVP FEE MANAGEMENT SERVICE SUBCONTRACT,,,,,,,,,,,https://www.usaspending.gov/award/CONT_AWD_70CMSD23FR0000202_7012_GS00Q14OADS111_4732/,2026-03-04 00:00:00+00
CONT_AWD_80JSC023FA143_8000_80JSC023DA017_8000,80JSC023FA143,80JSC023DA017,131982567.17,Q: Not Designated Nonemergency/Emergency/Disaster/Wildfire Suppression,,,,,109171113.69,2023-02-28,2023,2026-02-26,2026,2023-03-01,2026-09-30,2030-09-30,080,National Aeronautics and Space Administration (NASA),8000,NATIONAL AERONAUTICS AND SPACE ADMINISTRATION,80JSC0,NASA JOHNSON SPACE CENTER,080,National Aeronautics and Space Administration (NASA),8000,NATIONAL AERONAUTICS AND SPACE ADMINISTRATION,80JSC0,NASA JOHNSON SPACE CENTER,080-2022/2023-0115-000;080-2022/2023-0120-000;080-2022/2023-0122-000;080-2022/2023-0131-000;080-2023/2024-0115-000;080-2023/2024-0120-000;080-2023/2024-0122-000;080-2023/2024-0124-000;080-2023/2024-0126-000;080-2023/2024-0131-000;080-2024/2025-0115-000;080-2024/2025-0120-000;080-2024/2025-0122-000;080-2024/2025-0124-000;080-2024/2025-0126-000;080-2024/2025-0131-000;080-2025/2026-0115-000;080-2025/2026-0120-000;080-2025/2026-0122-000;080-2025/2026-0124-000;080-2025/2026-0126-000;080-2025/2026-0131-000;080-2026/2027-0115-000;080-2026/2027-0124-000;080-2026/2027-0126-000;080-X-0122-000,080-0115;080-0120;080-0122;080-0124;080-0126;080-0131,25.7: Operation and maintenance of equipment,"0001: AERONAUTICS (DIRECT);0001: DEEP SPACE EXPLORATION SYSTEMS (DIRECT);0001: DEEP SPACE EXPLORATION SYSTEMS DIRECT);0001: SAFETY, SECURITY AND MISSION SERVICES (DIRECT);0001: SCIENCE (DIRECT);0001: SPACE OPERATIONS (DIRECT);0001: SPACE TECHNOLOGY (DIRECT);0801: CROSS AGENCY SUPPORT (REIMBURSABLE)",C6KAN1XKA915,,YULISTA SOLUTIONS LLC,,C6KAN1XKA915,,YULISTA SOLUTIONS  LLC,USA,UNITED STATES,8600 ADVANCED GTWY SW,HUNTSVILLE,01089,MADISON,01,AL,ALABAMA,358081336,AL-05,AL-05,,"Alaskan Native Corporation Owned Firm,Minority Owned Business,Self Certified Small Disadvantaged Business,For Profit Organization,Native American Owned",HOUSTON,48201,HARRIS,48,TX,TEXAS,770341000,TX-29,TX-29,USA,UNITED STATES,"THE PURPOSE OF CHARLES IS TO PROVIDE SUPPORT FOR AIRCRAFT AT JSC, BASED AT ELLINGTON FIELD IN HOUSTON, AND AT EL PASO, TEXAS",,488190,OTHER SUPPORT ACTIVITIES FOR AIR TRANSPORTATION,,,sub-contract,C28B8073-8377-4603-A7A9-D2D6FF961DE2,2026,3,Z-20260630681,32000.00,2026-03-04,2026,HF7PG41BMMW3,175660745,GLOBAL AVIATION SERVICE INC,GLOBAL AVIATION SERVICES INC,,,,USA,UNITED STATES,9107 BOUDREAUX RD UNIT A,TOMBALL,TX,TEXAS,77375-7415,TX-10,TX-10,,"FOR PROFIT ORGANIZATION,WOMEN-OWNED BUSINESS,BUSINESS OR ORGANIZATION",,,,,,,USA,,PROCUREMENT OF QTY 1 EACH OF P/N: 206-040-002-111 (MAST ASSY FOR BELL 206B / TH57) HELICOPTER.,,,,,,,,,,,https://www.usaspending.gov/award/CONT_AWD_80JSC023FA143_8000_80JSC023DA017_8000/,2026-03-04 00:00:00+00
CONT_AWD_N0042123F0177_9700_N0042120D0071_9700,N0042123F0177,N0042120D0071,18806651.40,Q: Not Designated Nonemergency/Emergency/Disaster/Wildfire Suppression,,,,,948738.06,2022-12-23,2023,2024-10-18,2025,2022-12-22,2026-06-14,2026-06-14,097,Department of Defense (DOD),1700,DEPT OF THE NAVY,N00421,NAVAL AIR WARFARE CENTER AIR DIV,097,Department of Defense (DOD),1700,DEPT OF THE NAVY,N00421,NAVAL AIR WARFARE CENTER AIR DIV,097-2023/2024-0400-000,097-0400,25.5: Research and development contracts,009S: MISCELLANEOUS,KJDQBTJ7KUH4,,"AMERICAN ELECTRONIC WARFARE ASSOCIATES, INCORPORATED",,CVQCFMKB8D84,,AMERICAN ELECTRONIC WARFARE ASSOCIATES  INCORPORATED,USA,UNITED STATES,44427 AIRPORT ROAD SUITE 200,CALIFORNIA,24037,ST. MARY'S,24,MD,MARYLAND,206192034,MD-05,MD-05,,"For Profit Organization,Subchapter S Corporation",CALIFORNIA,,SAINT MARYS,24,MD,MARYLAND,206192034,MD-05,MD-05,USA,UNITED STATES,NEW TASK ORDER 0016,,541715,"RESEARCH AND DEVELOPMENT IN THE PHYSICAL, ENGINEERING, AND LIFE SCIENCES (EXCEPT NANOTECHNOLOGY AND BIOTECHNOLOGY)",,,sub-contract,D86BE1CC-3029-45EB-9F6E-E7B574F54AAA,2026,3,PO26-00258,47343.00,2026-03-03,2026,KLBFHMFKVYN1,116920831,ACI-LUBESCO,,KLBFHMFKVYN1,116920831,ACI-LUBESCO,USA,UNITED STATES,7960 KENTUCKY DR STE 2,FLORENCE,KY,KENTUCKY,41042-2933,KY-04,KY-04,,"FOR PROFIT ORGANIZATION,BUSINESS OR ORGANIZATION,DOT CERTIFIED DBE,SUBCHAPTER S CORPORATION",,,,,,,USA,,ENGIN OIL. ORIGINAL FFATA REPORT ENTERED ON 03/04/2026.,,,,,,,,,,,https://www.usaspending.gov/award/CONT_AWD_N0042123F0177_9700_N0042120D0071_9700/,2026-03-04 00:00:00+00
CONT_AWD_N6238715C2505_9700_-NONE-_-NONE-,N6238715C2505,,630713990.59,,,,,,,2014-11-20,2015,2024-10-24,2025,2014-11-20,2023-09-30,2023-09-30,097,Department of Defense (DOD),1700,DEPT OF THE NAVY,N32205,MSC NORFOLK,097,Department of Defense (DOD),1700,DEPT OF THE NAVY,N32205,MSC NORFOLK,,,,,VMEFT5X61JT9,,"CROWLEY TECHNICAL MANAGEMENT, INC.",,VMEFT5X61JT9,,CROWLEY GOVERNMENT SERVICES  INC.,USA,UNITED STATES,9487 REGENCY SQUARE BLVD,JACKSONVILLE,12031,DUVAL,12,FL,FLORIDA,322258126,FL-05,FL-05,,"For Profit Organization,Manufacturer of Goods",JACKSONVILLE,12031,DUVAL,12,FL,FLORIDA,322258126,FL-05,FL-05,USA,UNITED STATES,"OPERATION&MAINTENANCE OF T-AGOS/T-AGM VESSELS, FIRM PERIOD CONTRACT AWARD",,483111,DEEP SEA FREIGHT TRANSPORTATION,,,sub-contract,F1EE676E-1BE5-45A0-9D2E-F33870AF20B2,2026,3,VP26-00305,1182500.13,2026-03-04,2026,YHKJQV4GUXK9,694271222,"HOSEI CO., LTD.",,,,,JPN,JAPAN,"23-17, TATEGAMIMACHI",SASEBO,,,,,,,"FOR PROFIT ORGANIZATION,BUSINESS OR ORGANIZATION",,,,,,,USA,,USNS VICTORIOUS VRA,,,,,,,,,,,https://www.usaspending.gov/award/CONT_AWD_N6238715C2505_9700_-NONE-_-NONE-/,2026-03-04 00:00:00+00
CONT_AWD_W519TC25F0237_9700_W519TC24D0009_9700,W519TC25F0237,W519TC24D0009,25729581.12,Q: Not Designated Nonemergency/Emergency/Disaster/Wildfire Suppression,,,,,,2025-05-21,2025,2025-08-06,2025,2025-05-21,2027-12-31,2027-12-31,097,Department of Defense (DOD),2100,DEPT OF THE ARMY,W519TC,W6QK ACC-RI,097,Department of Defense (DOD),2100,DEPT OF THE ARMY,W907EH,W6DT PEO AMMO,021-2024/2026-2034-000;021-2025/2027-2034-000,021-2034,26.0: Supplies and materials,0002: AMMO PRODUCTION BASE SPT,D6BENLPTJ8H6,,"GENERAL DYNAMICS ORDNANCE & TACTICAL SYSTEMS, INC.",,FAZSFFE6CST9,,GENERAL DYNAMICS ORDNANCE & TACTICAL SYSTEMS  INC.,USA,UNITED STATES,6658 ROUTE 148,MARION,17199,WILLIAMSON,17,IL,ILLINOIS,629596389,IL-12,IL-12,,"For Profit Organization,Manufacturer of Goods",MARION,17199,WILLIAMSON,17,IL,ILLINOIS,629596389,IL-12,IL-12,USA,UNITED STATES,50X228MM XM1202 TARGET PRACTICE - TRACER (TP-T) CARTRIDGE FOR MEDIUM CALIBER FAMILY BUY 3 IDIQ.,,332993,AMMUNITION (EXCEPT SMALL ARMS) MANUFACTURING,,,sub-contract,BE2C19A2-9CD9-4CE1-AF9A-B858E10B7DB2,2026,3,138168-00,283723.10,2026-03-03,2026,F3BYKM4B9DG3,009932364,NOBLE PLASTICS LLC,,F3BYKM4B9DG3,009932364,NOBLE PLASTICS LLC,USA,UNITED STATES,318 BURLEIGH LN,GRAND COTEAU,LA,LOUISIANA,70541,LA-06,LA-06,,"FOR PROFIT ORGANIZATION,WOMEN-OWNED SMALL BUSINESS,WOMEN-OWNED BUSINESS,BUSINESS OR ORGANIZATION,MANUFACTURER OF GOODS,SUBCHAPTER S CORPORATION",,,,,,,USA,,MISCELLANEOUS XM1202 COMPONENTS,,,,,,,,,,,https://www.usaspending.gov/award/CONT_AWD_W519TC25F0237_9700_W519TC24D0009_9700/,2026-03-04 00:00:00+00
CONT_AWD_W911S825FA373_9700_W911S820D0012_9700,W911S825FA373,W911S820D0012,1482208.66,,,,,,,2025-08-21,2025,2025-09-04,2025,2025-08-25,2026-08-28,2026-08-28,097,Department of Defense (DOD),2100,DEPT OF THE ARMY,W911S8,W6QM MICC-JB LEWIS-MC CHORD,097,Department of Defense (DOD),2100,DEPT OF THE ARMY,W68NE6,W12K JBLM LEWIS DPW,,,,,YH7XNFLX5SP9,,"ALUTIIQ GENERAL CONTRACTORS, LLC",,YH7XNFLX5SP9,,ALUTIIQ GENERAL CONTRACTORS  LLC,USA,UNITED STATES,"2115 SOUTH 56TH STREET, SUITE 205",TACOMA,53053,PIERCE,53,WA,WASHINGTON,984096900,WA-06,WA-06,,"Alaskan Native Corporation Owned Firm,Tribally Owned Firm,Minority Owned Business,Self Certified Small Disadvantaged Business,For Profit Organization,DOT Certified DBE,Limited Liability Company,Native American Owned",TACOMA,53053,PIERCE,53,WA,WASHINGTON,984339500,WA-10,WA-10,USA,UNITED STATES,FY25 GAAF MAF REPAIRS,,237310,"HIGHWAY, STREET, AND BRIDGE CONSTRUCTION",,,sub-contract,0E542C63-ED68-47FA-A3EB-EC2F7D4AA4A4,2026,3,16HAL00148,37746.50,2026-03-04,2026,C4AWS3R8PBU9,106701001,"PAPE' MACHINERY, INC.",PAPE MACHINERY,R1JPMJJM4268,618296420,"THE PAPE GROUP, INC",USA,UNITED STATES,19808 68TH AVE S,KENT,WA,WASHINGTON,98032-2145,WA-09,WA-09,,"FOR PROFIT ORGANIZATION,BUSINESS OR ORGANIZATION,SUBCHAPTER S CORPORATION",,,,,,,USA,,"THIS PR IS REQUIRED DUE TO CONTRACT SETUP. REFERENCE CONTRACT SECTION 00 10 00 CLIN ITEMS 4001AA MAF B-RAMP LOADING DOCK REPAIRS, 4001AB GAAF WEST RAMP
REPLACE SHOULDERS, 4001AC MAF E-RAMP (SOUTH) JOINT REPAIR . THE CONTRACTOR SHALL PROVIDE ALL LABOR, MANAGEMENT, TOOLS, SUPPLIES, EQUIPMENT TO MEET THE
REQUIREMENTS IAW ATTACHMENT A PERFORMANCE WORK STATEMENT (PWS).",,,,,,,,,,,https://www.usaspending.gov/award/CONT_AWD_W911S825FA373_9700_W911S820D0012_9700/,2026-03-04 00:00:00+00
CONT_AWD_W912DY25FA228_9700_W912DY25D0017_9700,W912DY25FA228,W912DY25D0017,3003503.96,,,,,,,2025-09-25,2025,2025-10-31,2026,2025-09-30,2027-10-24,2027-10-24,097,Department of Defense (DOD),2100,DEPT OF THE ARMY,W912DY,W2V6 USA ENG SPT CTR HUNTSVIL,097,Department of Defense (DOD),2100,DEPT OF THE ARMY,W31RY0,W2V6 USA ENG SPT CTR HUNTSVIL,,,,,WT4BZHCLS8X7,,"STAMPEDE VENTURES, INC.",,NWK9D2XDFGM8,,BERING STRAITS NATIVE CORPORATION,USA,UNITED STATES,110 FRONT ST STE 300,NOME,,NOME,02,AK,ALASKA,997620012,AK-00,AK-00,,"Alaskan Native Corporation Owned Firm,Minority Owned Business,Self Certified Small Disadvantaged Business,For Profit Organization,DOT Certified DBE,Native American Owned",BETHESDA,24031,MONTGOMERY,24,MD,MARYLAND,208895670,MD-08,MD-08,USA,UNITED STATES,THE INTENT OF THIS PROJECT IS TO PROVIDE FULL TURNKEY DESIGN/BUILD TO REPAIR THE 6-INCH AND 4-INCH PNEUMATIC TUBE SYSTEM (PTS) AT WALTER REED MEDICAL CENTER (WRNMMC).,,236220,COMMERCIAL AND INSTITUTIONAL BUILDING CONSTRUCTION,,,sub-contract,FC54E520-2765-4A23-97D5-1323C521F7D4,2026,3,SVI-2319079-H2L-F228,59562.34,2026-03-04,2026,LQHSLPPM1NN5,079515723,"H2L SOLUTIONS, INC.",,,,,USA,UNITED STATES,2227 DRAKE AVE SW STE 5,HUNTSVILLE,AL,ALABAMA,35805-5146,AL-05,AL-05,,"FOR PROFIT ORGANIZATION,VETERAN-OWNED BUSINESS,BUSINESS OR ORGANIZATION,SERVICE-DISABLED VETERAN-OWNED BUSINESS,SUBCHAPTER S CORPORATION",,,,,,,USA,,"PURPOSE
THE SUBCONTRACTOR SHALL PROVIDE CYBERSECURITY SUBJECT MATTER EXPERTISE AND DOCUMENTATION SUPPORT NECESSARY TO SATISFY THE CYBERSECURITY REQUIREMENTS APPLICABLE TO FACILITY-RELATED CONTROL SYSTEMS (FRCS) UNDER:
• UFC 4-010-06, CYBERSECURITY OF FACILITY-RELATED CONTROL SYSTEMS
• UFGS 25-05-11, CYBERSECURITY FOR FACILITY-RELATED CONTROL SYSTEMS
THIS EFFORT SUPPORTS THE PNEUMATIC TUBE SYSTEM (PTS) ONLY UNDER TASK ORDER W912DY-25-F-A228 AT WALTER REED NATIONAL MILITARY MEDICAL CENTER.
2. SCOPE LIMITATIONS
THIS SUBCONTRACT INCLUDES CYBERSECURITY DOCUMENTATION AND ADVISORY SUPPORT ONLY.
THIS SUBCONTRACT EXPLICITLY EXCLUDES:
• AUTHORIZATION TO OPERATE (ATO)
• RISK MANAGEMENT FRAMEWORK (RMF) PACKAGE DEVELOPMENT
• SYSTEM OWNER (SO) OR AUTHORIZING OFFICIAL (AO) DETERMINATIONS
• CONTINUOUS MONITORING
• ENTERPRISE IT ACCREDITATION
• PENETRATION TESTING
• STIG IMPLEMENTATION BEYOND DOCUMENTATION AND REPORTING
• NETWORK HARDWARE PROCUREMENT
• SYSTEM INTEGRATION BEYOND DOCUMENTATION SUPPORT
SUBCONTRACTOR SHALL NOT REPRESENT TO THE GOVERNMENT THAT ATO OR RMF SERVICES ARE INCLUDED.
3. DESIGN PHASE SUPPORT (UFC 4-010-06)
SUBCONTRACTOR SHALL PROVIDE CYBERSECURITY DOCUMENTATION AND ADVISORY SUPPORT DURING:
• 65% DESIGN
• 100% DESIGN
• CORRECTED FINAL REVIEW (CFR)
DELIVERABLES SHALL INCLUDE:
1.	CYBERSECURITY NARRATIVE FOR THE PNEUMATIC TUBE SYSTEM
2.	TAILORED CONTROL CORRELATION IDENTIFIER (CCI) LIST
3.	TAILORED UFGS 25-05-11 SPECIFICATION SECTION
4.	IDENTIFICATION OF DESIGNER-RESPONSIBLE CCIS
5.	REVIEW COMMENTS ON CONTROL SYSTEM ARCHITECTURE
6.	COORDINATION INPUT ON NETWORK/DATA FLOW DIAGRAMS
ALL DELIVERABLES SHALL BE PROVIDED IN EDITABLE FORMAT COMPATIBLE WITH PRIME SUBMISSION REQUIREMENTS.
4. BUILD PHASE SUPPORT (UFGS 25-05-11)
SUBCONTRACTOR SHALL PREPARE THE FOLLOWING DOCUMENTATION FOR THE PNEUMATIC TUBE SYSTEM:
1.	STIG/SRG APPLICABILITY REPORT
2.	CYBERSECURITY INTERCONNECTION SCHEDULE
3.	NETWORK COMMUNICATION REPORT
4.	CONTROL SYSTEM INVENTORY REPORT
5.	CYBERSECURITY RISER DIAGRAM
6.	STIG/SRG/VENDOR COMPLIANCE RESULT REPORT
7.	CONTROL SYSTEM CYBERSECURITY DOCUMENTATION PACKAGE
8.	SOFTWARE RECOVERY AND RECONSTITUTION IMAGE SUPPORT DOCUMENTATION
SUBCONTRACTOR SHALL COORDINATE REQUIRED TECHNICAL DATA WITH THE PRIME AND SYSTEM VENDORS.
SUBCONTRACTOR IS RESPONSIBLE FOR DOCUMENTATION ACCURACY BUT IS NOT RESPONSIBLE FOR VENDOR IMPLEMENTATION OF FIRMWARE OR CONFIGURATION CHANGES.
5. COORDINATION REQUIREMENTS
SUBCONTRACTOR SHALL:
• ATTEND CYBERSECURITY COORDINATION MEETINGS AS REQUESTED
• SUPPORT PRIME DURING GOVERNMENT DESIGN REVIEWS
• PROVIDE RESPONSES TO GOVERNMENT CYBERSECURITY COMMENTS WITHIN FIVE (5) BUSINESS DAYS
• REVISE DOCUMENTATION TO ADDRESS GOVERNMENT COMMENTS WITHIN FIVE (5) BUSINESS DAYS
SUBCONTRACTOR SHALL NOT COMMUNICATE DIRECTLY WITH THE GOVERNMENT REGARDING SCOPE, COST, OR CONTRACTUAL MATTERS WITHOUT WRITTEN AUTHORIZATION FROM THE PRIME.
ALL GOVERNMENT-FACING COMMUNICATION SHALL BE COORDINATED THROUGH THE PRIME CONTRACTOR.
6. SCHEDULE ALIGNMENT
SUBCONTRACTOR DELIVERABLES SHALL ALIGN WITH THE PRIME’S APPROVED PROJECT SCHEDULE.
SUBCONTRACTOR SHALL NOT DELAY:
• 65% SUBMISSION
• 100% SUBMISSION
• CFR SUBMISSION
• PRE-FINAL INSPECTION
• SUBSTANTIAL COMPLETION
FAILURE TO DELIVER CYBERSECURITY DOCUMENTATION IN ACCORDANCE WITH SCHEDULE THAT RESULTS IN GOVERNMENT REJECTION OR DELAY SHALL BE CONSIDERED SUBCONTRACTOR-CAUSED DELAY.
7. LIABILITY AND FLOW-DOWN
SUBCONTRACTOR SHALL:
• COMPLY WITH ALL APPLICABLE FEDERAL CYBERSECURITY REGULATIONS INCORPORATED INTO THE PRIME CONTRACT
• FLOW DOWN APPLICABLE CLAUSES FROM W912DY-25-F-A228
• MAINTAIN PROFESSIONAL LIABILITY INSURANCE
LIMITATION OF LIABILITY SHALL NOT RELIEVE SUBCONTRACTOR OF RESPONSIBILITY FOR DELAYS OR REWORK CAUSED BY DEFICIENT DOCUMENTATION.
8. DELIVERABLE ACCEPTANCE
DELIVERABLES SHALL BE CONSIDERED COMPLETE ONLY WHEN:
• ACCEPTED BY THE PRIME CONTRACTOR
• SUBMITTED TO THE GOVERNMENT
• NOT REJECTED FOR NON-COMPLIANCE
SUBCONTRACTOR SHALL CORRECT REJECTED DELIVERABLES AT NO ADDITION",,,,,,,,,,,https://www.usaspending.gov/award/CONT_AWD_W912DY25FA228_9700_W912DY25D0017_9700/,2026-03-04 00:00:00+00
CONT_AWD_19AQMM22C0072_1900_-NONE-_-NONE-,19AQMM22C0072,,37539918.91,,,,,,,2022-02-25,2022,2026-03-05,2026,2022-03-01,2026-05-31,2026-08-29,019,Department of State (DOS),1900,"STATE, DEPARTMENT OF",19AQMM,ACQUISITIONS - AQM MOMENTUM,019,Department of State (DOS),1900,"STATE, DEPARTMENT OF",19X1NL,BUREAU OF INTERNATIONAL NARCOTICS,,,,,DLJNCS91EE46,,"SHIELDS POINT, LLC",,DLJNCS91EE46,,SHIELDS POINT LLC,USA,UNITED STATES,3909 ARCTIC BLVD STE 500,ANCHORAGE,02020,ANCHORAGE,02,AK,ALASKA,995035793,AK-00,AK-00,,"Alaskan Native Corporation Owned Firm,Tribally Owned Firm,Minority Owned Business,Self Certified Small Disadvantaged Business,For Profit Organization,Limited Liability Company,Native American Owned",,,,,,,995035793,,,HTI,HAITI,HAITIAN NATIONAL POLICE SUPPORT,,541990,"ALL OTHER PROFESSIONAL, SCIENTIFIC, AND TECHNICAL SERVICES",,,sub-contract,9810C163-529F-4F28-8BEC-88C3CBCF9846,2026,3,37HAL00099,155050.00,2026-03-05,2026,XCRZCR2TB9M9,,ANNE J. STYLE,,,,,HTI,HAITI,"3, RUE CRETONNE, DELMAS 71",PORT-AU-PRINCE,,,,,,,,,,,,,,USA,,TO PROVIDE UNIFORMS.,,,,,,,,,,,https://www.usaspending.gov/award/CONT_AWD_19AQMM22C0072_1900_-NONE-_-NONE-/,2026-03-05 00:00:00+00
CONT_AWD_47QFCA24F0032_4732_47QTCK18D0031_4732,47QFCA24F0032,47QTCK18D0031,102494976.21,Q: Not Designated Nonemergency/Emergency/Disaster/Wildfire Suppression,,,,,,2024-07-19,2024,2026-02-23,2026,2024-07-19,2026-09-22,2029-09-22,047,General Services Administration (GSA),4732,FEDERAL ACQUISITION SERVICE,47QFCA,GSA FAS AAS FEDSIM,097,Department of Defense (DOD),97CY,U.S. CYBER COMMAND,HBHQ01,U. S. CYBER COMMAND (USCYBERCOM),047-X-4534-001,047-4534,25.1: Advisory and assistance services,0850: ASSISTED ACQUISITION SERVICES (AAS) - FLOW-THRU,JY2BDT2K58Z6,,"MANTECH ADVANCED SYSTEMS INTERNATIONAL, INC.",,KZA5CX3J8KE8,,MANTECH INTERNATIONAL CORPORATION,USA,UNITED STATES,2251 CORPORATE PARK DRIVE,HERNDON,51059,FAIRFAX,51,VA,VIRGINIA,201714839,VA-11,VA-11,,For Profit Organization,ALEXANDRIA,,ALEXANDRIA CITY,51,VA,VIRGINIA,223020001,VA-08,VA-08,USA,UNITED STATES,ICON TASK ORDER AWARD,,541512,COMPUTER SYSTEMS DESIGN SERVICES,,,sub-contract,9D65AF62-33DD-4225-9265-CDF081B3D363,2026,3,32318-26-FP-S-39568,4100000.00,2026-03-03,2026,KC3CH2MSK7Q3,080788349,"ANDURIL INDUSTRIES, INC.",ANDURIL TECHNOLOGIES,EPJXQLHEJ4Q7,,"ANDURIL INDUSTRIES, INC.",USA,UNITED STATES,1400 ANDURIL,COSTA MESA,CA,CALIFORNIA,92626-1548,CA-47,CA-47,,"FOR PROFIT ORGANIZATION,BUSINESS OR ORGANIZATION,MANUFACTURER OF GOODS",,,,,,,USA,,COMPUTER SYSTEMS DESIGN SERVICES,Adnan Esmail,3279684.00,Shane Arnott,2953279.00,Burhan Muzaffar,3125757.00,Zachary Mears,2580020.00,Chris Brose,2350982.00,https://www.usaspending.gov/award/CONT_AWD_47QFCA24F0032_4732_47QTCK18D0031_4732/,2026-03-05 00:00:00+00
CONT_AWD_47QFCA24F0032_4732_47QTCK18D0031_4732,47QFCA24F0032,47QTCK18D0031,102494976.21,Q: Not Designated Nonemergency/Emergency/Disaster/Wildfire Suppression,,,,,,2024-07-19,2024,2026-02-23,2026,2024-07-19,2026-09-22,2029-09-22,047,General Services Administration (GSA),4732,FEDERAL ACQUISITION SERVICE,47QFCA,GSA FAS AAS FEDSIM,097,Department of Defense (DOD),97CY,U.S. CYBER COMMAND,HBHQ01,U. S. CYBER COMMAND (USCYBERCOM),047-X-4534-001,047-4534,25.1: Advisory and assistance services,0850: ASSISTED ACQUISITION SERVICES (AAS) - FLOW-THRU,JY2BDT2K58Z6,,"MANTECH ADVANCED SYSTEMS INTERNATIONAL, INC.",,KZA5CX3J8KE8,,MANTECH INTERNATIONAL CORPORATION,USA,UNITED STATES,2251 CORPORATE PARK DRIVE,HERNDON,51059,FAIRFAX,51,VA,VIRGINIA,201714839,VA-11,VA-11,,For Profit Organization,ALEXANDRIA,,ALEXANDRIA CITY,51,VA,VIRGINIA,223020001,VA-08,VA-08,USA,UNITED STATES,ICON TASK ORDER AWARD,,541512,COMPUTER SYSTEMS DESIGN SERVICES,,,sub-contract,2E4D9B33-1436-4B21-9B93-73F269ABA044,2026,3,32318-26-FP-S-40685,1200000.00,2026-03-02,2026,JFS8DR6SKJW1,015894270,GUARDED HORIZONS INC,,JFS8DR6SKJW1,015894270,GUARDED HORIZONS INC,USA,UNITED STATES,7882 CRESCENT PARK DR,GAINESVILLE,VA,VIRGINIA,20155-1574,VA-10,VA-10,,"MINORITY-OWNED BUSINESS,SELF CERTIFIED SMALL DISADVANTAGED BUSINESS,FOR PROFIT ORGANIZATION,VETERAN-OWNED BUSINESS,BUSINESS OR ORGANIZATION,SERVICE-DISABLED VETERAN-OWNED BUSINESS,SUBCONTINENT ASIAN (ASIAN-INDIAN) AMERICAN OWNED",,,,,,,USA,,COMPUTER SYSTEMS DESIGN AND SERVICES,,,,,,,,,,,https://www.usaspending.gov/award/CONT_AWD_47QFCA24F0032_4732_47QTCK18D0031_4732/,2026-03-05 00:00:00+00
CONT_AWD_47QFCA24F0032_4732_47QTCK18D0031_4732,47QFCA24F0032,47QTCK18D0031,102494976.21,Q: Not Designated Nonemergency/Emergency/Disaster/Wildfire Suppression,,,,,,2024-07-19,2024,2026-02-23,2026,2024-07-19,2026-09-22,2029-09-22,047,General Services Administration (GSA),4732,FEDERAL ACQUISITION SERVICE,47QFCA,GSA FAS AAS FEDSIM,097,Department of Defense (DOD),97CY,U.S. CYBER COMMAND,HBHQ01,U. S. CYBER COMMAND (USCYBERCOM),047-X-4534-001,047-4534,25.1: Advisory and assistance services,0850: ASSISTED ACQUISITION SERVICES (AAS) - FLOW-THRU,JY2BDT2K58Z6,,"MANTECH ADVANCED SYSTEMS INTERNATIONAL, INC.",,KZA5CX3J8KE8,,MANTECH INTERNATIONAL CORPORATION,USA,UNITED STATES,2251 CORPORATE PARK DRIVE,HERNDON,51059,FAIRFAX,51,VA,VIRGINIA,201714839,VA-11,VA-11,,For Profit Organization,ALEXANDRIA,,ALEXANDRIA CITY,51,VA,VIRGINIA,223020001,VA-08,VA-08,USA,UNITED STATES,ICON TASK ORDER AWARD,,541512,COMPUTER SYSTEMS DESIGN SERVICES,,,sub-contract,30566DB5-25CE-4BF1-B0D9-5F7D0F4DA4A7,2026,3,32318-26-LH-S-40513,4200000.00,2026-03-04,2026,Y57XMKHFMPZ3,022717973,"EJ2 COMMUNICATIONS, INC",FLASHPOINT,E4VNQ8FJNNE8,,EJ2 COMMUNICATIONS  INC,USA,UNITED STATES,8201 GREENSBORO DR STE 540,MCLEAN,VA,VIRGINIA,22102-3810,VA-11,VA-11,,"FOR PROFIT ORGANIZATION,BUSINESS OR ORGANIZATION",,,,,,,USA,,COMPUTER SYSTEMS DESIGN SERVICES,,,,,,,,,,,https://www.usaspending.gov/award/CONT_AWD_47QFCA24F0032_4732_47QTCK18D0031_4732/,2026-03-05 00:00:00+00
CONT_AWD_6982AF25C000028_6925_-NONE-_-NONE-,6982AF25C000028,,4991910.20,1: Non-emergency P.L. 117-58;Q: Not Designated Nonemergency/Emergency/Disaster/Wildfire Suppression,,,0,3972027.68,499365.11,2025-09-15,2025,2025-09-15,2025,2025-09-15,2026-05-05,2026-05-05,069,Department of Transportation (DOT),6925,FEDERAL HIGHWAY ADMINISTRATION,6982AF,6982AF CENTRAL FEDERAL LANDS DIVISI,069,Department of Transportation (DOT),6925,FEDERAL HIGHWAY ADMINISTRATION,6982AF,6982AF CENTRAL FEDERAL LANDS DIVISI,069-X-8083-000,069-8083,25.2: Other services from non-Federal sources,0024: FEDERAL LANDS AND TRIBAL PROGRAMS;0801: FEDERAL-AID HIGHWAYS (REIMBURSABLE),CB5UWYL7QX85,,CONWAY CONSTRUCTION CO,,CB5UWYL7QX85,,CONWAY CONSTRUCTION CO,USA,UNITED STATES,6620 NW WHITNEY RD UNIT 100,VANCOUVER,53011,CLARK,53,WA,WASHINGTON,986657048,WA-03,WA-03,,"Self Certified Small Disadvantaged Business,For Profit Organization",TUCSON,04019,PIMA,04,AZ,ARIZONA,857507029,AZ-06,AZ-06,USA,UNITED STATES,AZ FLAP PIM 510(1) SABINO CANYON ROAD CONSTRUCTION CONTRACT,,237310,"HIGHWAY, STREET, AND BRIDGE CONSTRUCTION",,,sub-contract,38A988DC-B784-43FA-BDB4-4AA35D3E8577,2026,3,03022026,95400.00,2026-03-02,2026,FGHSDQW6X5H5,095912747,"CACTUS TRANSPORT II, LLC",CACTUS ASPHALT,FGHSDQW6X5H5,095912747,"CACTUS TRANSPORT II, LLC",USA,UNITED STATES,8211 W SHERMAN ST,TOLLESON,AZ,ARIZONA,85353-3302,AZ-07,AZ-07,,"FOR PROFIT ORGANIZATION,BUSINESS OR ORGANIZATION,LIMITED LIABILITY COMPANY",,,,,,,USA,,FOG SEAL PRIME COAT,,,,,,,,,,,https://www.usaspending.gov/award/CONT_AWD_6982AF25C000028_6925_-NONE-_-NONE-/,2026-03-05 00:00:00+00
CONT_AWD_70B01C25F00001108_7014_47QRAA18D009F_4732,70B01C25F00001108,47QRAA18D009F,1860125.36,Q: Not Designated Nonemergency/Emergency/Disaster/Wildfire Suppression,,,,,,2025-09-29,2025,2025-09-29,2025,2025-09-29,2026-09-28,2028-09-28,070,Department of Homeland Security (DHS),7014,U.S. CUSTOMS AND BORDER PROTECTION,70B01C,ADMINISTRATION FACILITIES TRAINING CONTRACTING DIVISION,070,Department of Homeland Security (DHS),7014,U.S. CUSTOMS AND BORDER PROTECTION,70B021,OFFICE OF FACILITIES & ASSET MANAGEMENT,070-2025/2025-0530-000,070-0530,25.2: Other services from non-Federal sources,0004: CAS - MISSION SUPPORT;0005: CAS - BORDER SECURITY OPERATIONS;0007: CAS - INTEGRATED OPERATIONS,MLEMMZU3MTX3,,"DAWSON SOLUTIONS, LLC",,ZSXAFCVWCDK8,,DAWSON SOLUTIONS  LLC,USA,UNITED STATES,4100 MARKET ST,HUNTSVILLE,01089,MADISON,01,AL,ALABAMA,358083012,AL-05,AL-05,,"Minority Owned Business,Self Certified Small Disadvantaged Business,For Profit Organization,Native Hawaiian Organization Owned Firm,Limited Liability Company,Native American Owned",WASHINGTON,11001,DISTRICT OF COLUMBIA,11,DC,DISTRICT OF COLUMBIA,202290017,DC-98,DC-98,USA,UNITED STATES,TASK ORDER FOR ENVIRONMENTAL COMPLIANCE SUPPORT SERVICES,,562910,REMEDIATION SERVICES,,,sub-contract,122F5657-884F-44DA-AC37-084454CE2FC6,2026,3,0006141,42842.80,2026-03-04,2026,FA5SMGUZMAN9,090874236,"MILLENNIUM ENGINEERS GROUP, INC.",,FA5SMGUZMAN9,090874236,"MILLENNIUM ENGINEERS GROUP, INC.",USA,UNITED STATES,5804 N GUMWOOD AVE,PHARR,TX,TEXAS,78577-5374,TX-15,TX-15,,"MINORITY-OWNED BUSINESS,SELF CERTIFIED SMALL DISADVANTAGED BUSINESS,FOR PROFIT ORGANIZATION,BUSINESS OR ORGANIZATION,DOT CERTIFIED DBE,HISPANIC AMERICAN OWNED",,,,,,,USA,,GEOTECHNICAL SAMPLE ANALYSIS,,,,,,,,,,,https://www.usaspending.gov/award/CONT_AWD_70B01C25F00001108_7014_47QRAA18D009F_4732/,2026-03-05 00:00:00+00
CONT_AWD_80GSFC25CA035_8000_-NONE-_-NONE-,80GSFC25CA035,,2080376.99,Q: Not Designated Nonemergency/Emergency/Disaster/Wildfire Suppression,,,,,1393762.76,2025-02-27,2025,2026-02-11,2026,2025-02-27,2026-09-30,2027-04-30,080,National Aeronautics and Space Administration (NASA),8000,NATIONAL AERONAUTICS AND SPACE ADMINISTRATION,80GSFC,NASA GODDARD SPACE FLIGHT CENTER,080,National Aeronautics and Space Administration (NASA),8000,NATIONAL AERONAUTICS AND SPACE ADMINISTRATION,80GSFC,NASA GODDARD SPACE FLIGHT CENTER,080-2024/2025-0120-000;080-2025/2026-0120-000,080-0120,25.1: Advisory and assistance services,0001: SCIENCE (DIRECT),PB11V1KH3KV4,,SOUTHWEST RESEARCH INSTITUTE,,PB11V1KH3KV4,,SOUTHWEST RESEARCH INSTITUTE INC,USA,UNITED STATES,6220 CULEBRA RD,SAN ANTONIO,48029,BEXAR,48,TX,TEXAS,782385166,TX-20,TX-20,,Non-Profit Organization,SAN ANTONIO,48029,BEXAR,48,TX,TEXAS,782385166,TX-20,TX-20,USA,UNITED STATES,SUPRATHERMAL ION SPECTROGRAPH PHASE E INSTRUMENT FOR SOLAR ORBITER MISSION,,334516,ANALYTICAL LABORATORY INSTRUMENT MANUFACTURING,,,sub-contract,A3CED384-5918-4A53-B419-37E461704804,2026,3,T99347AAM,95000.00,2026-03-05,2026,U2JMKHNS5TG4,009584210,CALIFORNIA INSTITUTE OF TECHNOLOGY,,,,,USA,UNITED STATES,1200 E CALIFORNIA BLVD,PASADENA,CA,CALIFORNIA,91125-0001,CA-28,CA-28,,"PRIVATE UNIVERSITY OR COLLEGE,NON-PROFIT ORGANIZATION,BUSINESS OR ORGANIZATION,EDUCATIONAL INSTITUTION",,,,,,,USA,,"CHRISTINA M.S. COHEN  WILL ANALYZE SIS DATA IN CONJUNCTION WITH OTHER EPD SENSORS AND SOLAR ORBITER INSTRUMENTS, PARTICIPATE IN SOLAR ORBITER WORKSHOP ACTIVITIES, PARTICIPATE IN SCIENTIFIC CONFERENCES FOR PRESENTATION OF SIS RESULTS, AND PUBLISH SCIENTIFIC FINDINGS AND DISCOVERIES IN REFEREED JOURNALS.",,,,,,,,,,,https://www.usaspending.gov/award/CONT_AWD_80GSFC25CA035_8000_-NONE-_-NONE-/,2026-03-05 00:00:00+00
CONT_AWD_FA486125F0114_9700_FA486120D0008_9700,FA486125F0114,FA486120D0008,3681364.91,Q: Not Designated Nonemergency/Emergency/Disaster/Wildfire Suppression,,,,,,2025-05-13,2025,2025-11-12,2026,2025-07-01,2026-02-23,2026-02-23,097,Department of Defense (DOD),5700,DEPT OF THE AIR FORCE,FA4861,FA4861  99 CONS LGC,097,Department of Defense (DOD),5700,DEPT OF THE AIR FORCE,F3GHFA,99 CES PROJECTS,057-2025/2025-3400-000,057-3400,32.0: Land and structures,0004: ADMINISTRATION AND SERVICE-WIDE ACTIVITIES,S6Z7GMYZCFB3,,"DAWSON ENTERPRISES, LLC",,S6Z7GMYZCFB3,,DAWSON ENTERPRISES  LLC,USA,UNITED STATES,900 FORT ST MALL STE 1850,HONOLULU,15003,HONOLULU,15,HI,HAWAII,968133707,HI-01,HI-01,,"Minority Owned Business,Self Certified Small Disadvantaged Business,For Profit Organization,Native Hawaiian Organization Owned Firm,Limited Liability Company,Native American Owned",NELLIS AFB,32003,CLARK,32,NV,NEVADA,891916401,NV-04,NV-04,USA,UNITED STATES,"CONTRACTOR SHALL FURNISH ALL LABOR, EQUIPMENT, MATERIAL, AND ALL ELSE NECESSARY TO COMPLETE PROJECT RKMF220003 DEMO B625 IAW ATTACHMENTS AND APPENDICES. THIS INCLUDES DESIGN, DEMOLITION, LANDSCAPING, UTILITIES, AND GAZEBO/SHADE STRUCTURE DISMANTLING.",,236220,COMMERCIAL AND INSTITUTIONAL BUILDING CONSTRUCTION,,,sub-contract,E79EFFA3-4A20-4461-94F6-8EFE83D81497,2026,3,0006155,41631.00,2026-03-05,2026,HXK1EN62ZH74,806547464,AIR DESIGN SYSTEMS LLC,,HXK1EN62ZH74,806547464,AIR DESIGN SYSTEMS LLC,USA,UNITED STATES,4125 W BELL DR,LAS VEGAS,NV,NEVADA,89118,NV-03,NV-03,,"SELF CERTIFIED SMALL DISADVANTAGED BUSINESS,FOR PROFIT ORGANIZATION,BUSINESS OR ORGANIZATION,LIMITED LIABILITY COMPANY",,,,,,,USA,,HVAC SERVICES,,,,,,,,,,,https://www.usaspending.gov/award/CONT_AWD_FA486125F0114_9700_FA486120D0008_9700/,2026-03-05 00:00:00+00
CONT_AWD_N0038322FZ50J_9700_N0038321GZ501_9700,N0038322FZ50J,N0038321GZ501,20445412.00,,,,,,,2022-09-30,2022,2025-07-08,2025,2022-09-30,2026-02-27,2026-02-27,097,Department of Defense (DOD),1700,DEPT OF THE NAVY,N00383,NAVSUP WEAPON SYSTEMS SUPPORT,097,Department of Defense (DOD),1700,DEPT OF THE NAVY,N00383,NAVSUP WEAPON SYSTEMS SUPPORT,,,,,KHK8QYLFGLU1,,ROLLS-ROYCE CORPORATION,,F32RBQ3CHAG9,,ROLLS-ROYCE CORPORATION,USA,UNITED STATES,450 S MERIDIAN ST,INDIANAPOLIS,18097,MARION,18,IN,INDIANA,462251103,IN-07,IN-07,,"Foreign Owned,For Profit Organization,Manufacturer of Goods",INDIANAPOLIS,18097,MARION,18,IN,INDIANA,462251103,IN-07,IN-07,USA,UNITED STATES,"ENGINE,AIRCRAFT,TUR",,336413,OTHER AIRCRAFT PARTS AND AUXILIARY EQUIPMENT MANUFACTURING,,,sub-contract,35DAB352-463F-42F5-B202-1C75FDC7B418,2026,3,5500374058,1411258.16,2026-03-03,2026,NM6MRSMHJKX7,049363229,CONSOLIDATED PRECISION PRODUCTS CORP,CONSOLIDATED PRECISION PRODUCTS,KBWLT29FXL78,,INFINITE ELECTRONICS INTERNATIONAL  INC.,USA,UNITED STATES,1621 EUCLID AVE STE 1850,CLEVELAND,OH,OHIO,44115-2126,OH-11,OH-11,,"FOR PROFIT ORGANIZATION,BUSINESS OR ORGANIZATION",,,,,,,USA,,"ROLLS-ROYCE AWARDS SUBCONTRACTS FOR PRODUCTION STOCK, THEREFORE THE AMOUNT REFLECTED IN THIS SUBCONTRACT MAY OR MAY NOT BE BILLED AGAINST THE CONTRACT UPON DELIVERY.",,,,,,,,,,,https://www.usaspending.gov/award/CONT_AWD_N0038322FZ50J_9700_N0038321GZ501_9700/,2026-03-05 00:00:00+00
CONT_AWD_W58RGZ26F0023_9700_W58RGZ18D0001_9700,W58RGZ26F0023,W58RGZ18D0001,15813065.00,,,,,,,2025-12-01,2026,2025-12-01,2026,2025-12-01,2028-11-21,2028-11-21,097,Department of Defense (DOD),2100,DEPT OF THE ARMY,W58RGZ,W6QK ACC-RSA,097,Department of Defense (DOD),2100,DEPT OF THE ARMY,W81YTA,W6DQ PEO AVN HUNTSVILLE,,,,,NWKQVQED4C81,,DEFENSE SYSTEMS AND SOLUTIONS,,NWKQVQED4C81,,DEFENSE SYSTEMS AND SOLUTIONS,USA,UNITED STATES,631 DISCOVERY DR,HUNTSVILLE,01089,MADISON,01,AL,ALABAMA,358062801,AL-05,AL-05,,"Alaskan Native Corporation Owned Firm,Minority Owned Business,Self Certified Small Disadvantaged Business,For Profit Organization,Manufacturer of Goods,Native American Owned",HUNTSVILLE,01089,MADISON,01,AL,ALABAMA,358081336,AL-05,AL-05,USA,UNITED STATES,"REQUIRED TO SUPPORT THE FOREIGN MILITARY SALES (FMS) REQUIREMENTS FOR THE CH-47F PROJECT MANAGEMENT OFFICE, CARGO HELICOPTERS.  THE PIF WILL PROVIDE SPECIAL TOOLS AND TEST EQUIPMENT (STTE) TO SUPPORT CH-47 AIRCRAFT FOR GERMANY.",,336413,OTHER AIRCRAFT PARTS AND AUXILIARY EQUIPMENT MANUFACTURING,,,sub-contract,DF4FE363-FB55-4CA7-9BB8-E72600140F1F,2026,3,D26P000282,77245.00,2026-03-05,2026,WNG8LVV75EP3,122841880,AVIATRIX INC,,,,,USA,UNITED STATES,20952 SW OLDS PL,SHERWOOD,OR,OREGON,97140-8002,OR-01,OR-01,,"FOR PROFIT ORGANIZATION,BUSINESS OR ORGANIZATION,SUBCHAPTER S CORPORATION",,,,,,,USA,,MATERIALS IN SUPPORT OF THE REFERENCED PRIME CONTRACT.,,,,,,,,,,,https://www.usaspending.gov/award/CONT_AWD_W58RGZ26F0023_9700_W58RGZ18D0001_9700/,2026-03-05 00:00:00+00
CONT_AWD_W912BV25F0107_9700_W912BV25D0038_9700,W912BV25F0107,W912BV25D0038,1218800.00,Q: Not Designated Nonemergency/Emergency/Disaster/Wildfire Suppression,,,,,,2025-07-23,2025,2025-07-23,2025,2025-08-11,2026-06-27,2026-07-27,097,Department of Defense (DOD),2100,DEPT OF THE ARMY,W912BV,W076 ENDIST TULSA,096,Corps of Engineers - Civil Works (USACE),96CE,U.S. ARMY CORPS OF ENGINEERS - CIVIL PROGRAM FINANCING ONLY,967273,ARMY CORPS OF ENGINEERS CIVIL WORKS,096-X-3123-000,096-3123,32.0: Land and structures,0005: MULTIPURPOSE AND OTHER PROGRAMS,NU89LML1BE96,,"DAWSON FEDERAL, INC.",,NU89LML1BE96,,DAWSON FEDERAL  INC.,USA,UNITED STATES,900 FORT ST MALL,HONOLULU,15003,HONOLULU,15,HI,HAWAII,968133707,HI-01,HI-01,,"Minority Owned Business,Self Certified Small Disadvantaged Business,For Profit Organization,Native Hawaiian Organization Owned Firm,Native American Owned,Subchapter S Corporation",COUNCIL GROVE,20127,MORRIS,20,KS,KANSAS,668468544,KS-02,KS-02,USA,UNITED STATES,CREST ROADWAY ASPHALT PAVING,,237990,OTHER HEAVY AND CIVIL ENGINEERING CONSTRUCTION,,,sub-contract,80D3B8A5-F130-44E5-A994-828642B7262C,2026,3,0006146,414160.14,2026-03-05,2026,V8HEYKYJ3TN8,104075916,WILDCAT CONSTRUCTION CO INC,WILDCAT CONSTRUCTION CO INC,V8HEYKYJ3TN8,104075916,WILDCAT CONSTRUCTION CO INC,USA,UNITED STATES,3219 W MAY ST,WICHITA,KS,KANSAS,67213-1540,KS-04,KS-04,,"FOR PROFIT ORGANIZATION,BUSINESS OR ORGANIZATION",,,,,,,USA,,CONSTRUCTION SERVICES,,,,,,,,,,,https://www.usaspending.gov/award/CONT_AWD_W912BV25F0107_9700_W912BV25D0038_9700/,2026-03-05 00:00:00+00
CONT_AWD_W912HN21C3007_9700_-NONE-_-NONE-,W912HN21C3007,,30854821.28,Q: Not Designated Nonemergency/Emergency/Disaster/Wildfire Suppression,,,,,,2021-09-23,2021,2025-04-24,2025,2021-09-23,2023-09-05,2023-09-05,097,Department of Defense (DOD),2100,DEPT OF THE ARMY,W912HN,W074 ENDIST SAVANNAH,097,Department of Defense (DOD),2100,DEPT OF THE ARMY,W912HN,W074 ENDIST SAVANNAH,021-2021/2025-2050-000,021-2050,32.0: Land and structures,0001: MAJOR CONSTRUCTION;0801: REIMBURSABLE,UENJB2AT8GJ9,,"SAND POINT SERVICES, LLC",,UENJB2AT8GJ9,,SAND POINT SERVICES  LLC,USA,UNITED STATES,3601 C ST STE 1000-20,ANCHORAGE,02020,ANCHORAGE,02,AK,ALASKA,995035923,AK-00,AK-00,,"Alaskan Native Corporation Owned Firm,Minority Owned Business,Self Certified Small Disadvantaged Business,For Profit Organization,Limited Liability Company,Native American Owned",FORT BENNING,13053,CHATTAHOOCHEE,13,GA,GEORGIA,319050100,GA-02,GA-02,USA,UNITED STATES,REPAIR SECTION C,,236220,COMMERCIAL AND INSTITUTIONAL BUILDING CONSTRUCTION,,,sub-contract,35E940CA-670D-4050-85B5-BB1AB859C4CB,2026,3,2605-202010,358547.00,2026-03-04,2026,QKMDVJNL8PG6,047602404,HUCKABY BROTHERS FLOOR COVERING INC,,,,,USA,UNITED STATES,3755 US HIGHWAY 431 N,PHENIX CITY,AL,ALABAMA,36867-2303,AL-03,AL-03,,"FOR PROFIT ORGANIZATION,BUSINESS OR ORGANIZATION",,,,,,,USA,,SUPPLY AND INSTALL FLOORING,,,,,,,,,,,https://www.usaspending.gov/award/CONT_AWD_W912HN21C3007_9700_-NONE-_-NONE-/,2026-03-05 00:00:00+00
CONT_AWD_1305M425F0055_1330_47QTCA21D0031_4732,1305M425F0055,47QTCA21D0031,21046683.27,Q: Not Designated Nonemergency/Emergency/Disaster/Wildfire Suppression,,,,,11216596.03,2025-04-30,2025,2025-09-17,2025,2025-05-01,2026-04-08,2033-04-08,013,Department of Commerce (DOC),1330,NATIONAL OCEANIC AND ATMOSPHERIC ADMINISTRATION,1305M4,DEPT OF COMMERCE NOAA,013,Department of Commerce (DOC),1330,NATIONAL OCEANIC AND ATMOSPHERIC ADMINISTRATION,1333BV,OFC OF THE CHIEF INFORMATION OFCR,013-2024/2025-1450-000;013-2025/2026-1450-000,013-1450,25.2: Other services from non-Federal sources,0006: MISSION SUPPORT;0015: NWSS;0601: MISSION SUPPORT;1210: NOAA WIDE SUPPORT SERVICES,JY2BDT2K58Z6,,"MANTECH ADVANCED SYSTEMS INTERNATIONAL, INC.",,KZA5CX3J8KE8,,MANTECH INTERNATIONAL CORPORATION,USA,UNITED STATES,2251 CORPORATE PARK DR,HERNDON,51059,FAIRFAX,51,VA,VIRGINIA,201714839,VA-11,VA-11,,For Profit Organization,FAIRMONT,54091,TAYLOR,54,WV,WEST VIRGINIA,265547472,WV-02,WV-02,USA,UNITED STATES,NOAA CYBER SECURITY CENTER,,541511,CUSTOM COMPUTER PROGRAMMING SERVICES,,,sub-contract,D8F12A8E-886E-40FB-A9F2-B5EB8BB744C9,2026,3,MASI0-MAT0037688,80211.67,2026-03-05,2026,X1JJYEW4HAN9,789007064,FOUR LLC,,,,,USA,UNITED STATES,2303 DULLES STATION BLVD STE 105,HERNDON,VA,VIRGINIA,20171,VA-11,VA-11,,"FOR PROFIT ORGANIZATION,BUSINESS OR ORGANIZATION,LIMITED LIABILITY COMPANY",,,,,,,USA,,SOFTWARE RENEWAL,,,,,,,,,,,https://www.usaspending.gov/award/CONT_AWD_1305M425F0055_1330_47QTCA21D0031_4732/,2026-03-06 00:00:00+00
CONT_AWD_693JK326F00005N_6957_693JJ319A000013_6925,693JK326F00005N,693JJ319A000013,1000000.00,,,,,,,2026-02-26,2026,2026-02-26,2026,2026-03-01,2027-02-28,2028-02-29,069,Department of Transportation (DOT),6957,PIPELINE AND HAZARDOUS MATERIALS SAFETY ADMINISTRATION,693JK3,693JK3 ACQUISITION SERVICES DIV.,069,Department of Transportation (DOT),6957,PIPELINE AND HAZARDOUS MATERIALS SAFETY ADMINISTRATION,693JK3,693JK3 ACQUISITION SERVICES DIV.,,,,,VMRTJLWMQRH7,,HALVIK CORP,,VMRTJLWMQRH7,,HALVIK CORP.,USA,UNITED STATES,1600 SPRING HILL RD,VIENNA,51059,FAIRFAX,51,VA,VIRGINIA,221822229,VA-11,VA-11,,"Self Certified Small Disadvantaged Business,For Profit Organization,Limited Liability Company",VIENNA,51059,FAIRFAX,51,VA,VIRGINIA,221822229,VA-11,VA-11,USA,UNITED STATES,THE PURPOSE OF THIS BLANKET PURCHASE AGREEMENT (BPA) CALL IS TO AWARD A NEW CONTRACT FOR THE PIPELINE & HAZARDOUS MATERIALS SAFETY ADMINISTRATION (PHMSA) PROJECT MANAGEMENT AND OPERATIONS AND MAINTENANCE (O&M) SUPPORT AS A LOGICAL FOLLOW ON (,,541511,CUSTOM COMPUTER PROGRAMMING SERVICES,,,sub-contract,3E03AD01-0D16-416C-B31F-3D51AE32027A,2026,3,MVC-SWES-PHMSA-20260227 - AWARD,38953.20,2026-03-06,2026,HKJ8RCJXJR17,,MVC INFOSYSTEMS INC.,MVC INFOSYSTEMS INC,,,,USA,UNITED STATES,23020 BRYNDON HALL PL,ASHBURN,VA,VIRGINIA,20148-1787,VA-10,VA-10,,"FOR PROFIT ORGANIZATION,BUSINESS OR ORGANIZATION,SUBCHAPTER S CORPORATION",,,,,,,USA,,AWARD,,,,,,,,,,,https://www.usaspending.gov/award/CONT_AWD_693JK326F00005N_6957_693JJ319A000013_6925/,2026-03-06 00:00:00+00
CONT_AWD_70Z04722F43000003_7008_70Z04718DGILBAN00_7008,70Z04722F43000003,70Z04718DGILBAN00,39899338.09,E: Emergency P.L. 116-20,,,,,,2022-02-14,2022,2026-01-29,2026,2022-02-14,2026-07-16,2026-07-16,070,Department of Homeland Security (DHS),7008,U.S. COAST GUARD,70Z047,FDCC(00047),070,Department of Homeland Security (DHS),7008,U.S. COAST GUARD,70Z00P,DEPUTY COMDT 4 MISSION SUPP WASH DC,070-2019/2023-0613-000,070-0613,32.0: Land and structures,,WHB7C12ADS35,,GILBANE FEDERAL,,WHB7C12ADS35,,GILBANE FEDERAL,USA,UNITED STATES,1655 GRANT ST 12TH FL,CONCORD,06013,CONTRA COSTA,06,CA,CALIFORNIA,945202445,CA-10,CA-10,,"For Profit Organization,Subchapter S Corporation",PANAMA CITY,12005,BAY,12,FL,FLORIDA,324083503,FL-02,FL-02,USA,UNITED STATES,"REBUILD STATION PANAMA CITY, PANAMA CITY BEACH FL",,236220,COMMERCIAL AND INSTITUTIONAL BUILDING CONSTRUCTION,,,sub-contract,3801C69A-7974-4B98-9843-26F96AA123B1,2026,3,J35000TO04-068 RESA POWER,36347.00,2026-03-05,2026,KNULJZ49CBE8,079227154,RESA POWER LLC,,CJFPURGVHQM9,,RESA POWER LLC,USA,UNITED STATES,8723 FALLBROOK DR,HOUSTON,TX,TEXAS,77064-3318,TX-38,TX-38,,"SELF CERTIFIED SMALL DISADVANTAGED BUSINESS,FOR PROFIT ORGANIZATION,BUSINESS OR ORGANIZATION,LIMITED LIABILITY COMPANY,MANUFACTURER OF GOODS",,,,,,,USA,,ELECTRICAL TESTING,,,,,,,,,,,https://www.usaspending.gov/award/CONT_AWD_70Z04722F43000003_7008_70Z04718DGILBAN00_7008/,2026-03-06 00:00:00+00
CONT_AWD_N0042124F0297_9700_N0001924G0005_9700,N0042124F0297,N0001924G0005,7094142.00,,,,,,,2024-03-18,2024,2025-09-22,2025,2024-03-22,2026-09-30,2026-09-30,097,Department of Defense (DOD),1700,DEPT OF THE NAVY,N00421,NAVAL AIR WARFARE CENTER AIR DIV,097,Department of Defense (DOD),1700,DEPT OF THE NAVY,N00421,NAVAL AIR WARFARE CENTER AIR DIV,,,,,KHK8QYLFGLU1,,ROLLS-ROYCE CORPORATION,,F32RBQ3CHAG9,,ROLLS-ROYCE CORPORATION,USA,UNITED STATES,450 S. MERIDIAN ST,INDIANAPOLIS,18097,MARION,18,IN,INDIANA,462251103,IN-07,IN-07,,"Foreign Owned,For Profit Organization,Manufacturer of Goods",INDIANAPOLIS,18097,MARION,18,IN,INDIANA,462251103,IN-07,IN-07,USA,UNITED STATES,CY24 T56 SIV - NAVY,,336412,AIRCRAFT ENGINE AND ENGINE PARTS MANUFACTURING,,,sub-contract,795A8CE1-575C-4CB3-BB61-3762DCF3ADEE,2026,3,5500374513,4070489.80,2026-03-02,2026,CXSYZTT1ZCJ6,123575784,PARKER-HANNIFIN CORPORATION,GAS TURBINE FUEL SYSTEMS,W138B61KN3Q7,004175550,PARKER-HANNIFIN CORPORATION,USA,UNITED STATES,8940 TYLER BLVD,MENTOR,OH,OHIO,44060-2185,OH-14,OH-14,,"FOR PROFIT ORGANIZATION,BUSINESS OR ORGANIZATION,MANUFACTURER OF GOODS",,,,,,,USA,,"ROLLS-ROYCE AWARDS SUBCONTRACTS FOR PRODUCTION STOCK, THEREFORE THE AMOUNT REFLECTED IN THIS SUBCONTRACT MAY OR MAY NOT BE BILLED AGAINST THE CONTRACT UPON DELIVERY.",,,,,,,,,,,https://www.usaspending.gov/award/CONT_AWD_N0042124F0297_9700_N0001924G0005_9700/,2026-03-06 00:00:00+00
CONT_AWD_W911NF21F0036_9700_W911NF17D0010_9700,W911NF21F0036,W911NF17D0010,19865898.88,2: Emergency P.L. 117-70;Q: Not Designated Nonemergency/Emergency/Disaster/Wildfire Suppression;W: Emergency P.L. 117-31,,,,,4136487.22,2021-09-27,2021,2025-09-12,2025,2021-09-30,2026-09-26,2026-09-26,097,Department of Defense (DOD),2100,DEPT OF THE ARMY,W911NF,W6QK ACC-APG DURHAM,097,Department of Defense (DOD),2100,DEPT OF THE ARMY,W71B7J,W262 CCDC ARL,097-2020/2021-0819-000;097-2021/2022-0819-000;097-2022/2023-0819-000;097-2023/2024-0819-000;097-2024/2025-0819-000,097-0819,25.2: Other services from non-Federal sources;25.3: Other goods and services from Federal sources;31.0: Equipment,0001: DISASTER ASSISTANCE AND CIVIC AID;0020: N/A;0020: UNDISTRIBUTED,PJGRPL17YR21,,"SHOULDER 2 SHOULDER, INC.",,PJGRPL17YR21,,SHOULDER 2 SHOULDER INC,USA,UNITED STATES,33735 SNICKERSVILLE TURNPIKE SUITE 201,BLUEMONT,51107,LOUDOUN,51,VA,VIRGINIA,201351762,VA-06,VA-10,,"For Profit Organization,Veteran Owned Business,Service Disabled Veteran Owned Business,Subchapter S Corporation",CLARKSBURG,24031,MONTGOMERY,24,MD,MARYLAND,208714400,MD-06,MD-06,USA,UNITED STATES,SERVICE CPFF BASE - DEMINING DEPARTMENT OF DEFENSE HUMANITARIAN DEMINING TRAINING CENTER (HDTC),,541990,"ALL OTHER PROFESSIONAL, SCIENTIFIC, AND TECHNICAL SERVICES",,,sub-contract,3159D22A-4307-449C-B6F7-80EF79664F57,2026,3,NORTON HMA OY4,10000.00,2026-03-06,2026,UGU9XMGXB9C5,,PENNY NORTON,,,,,USA,UNITED STATES,16620 JOLLY RD,DISPUTANTA,VA,VIRGINIA,23842-7147,VA-04,VA-04,,"FOR PROFIT ORGANIZATION,WOMEN-OWNED SMALL BUSINESS,WOMEN-OWNED BUSINESS,VETERAN-OWNED BUSINESS,BUSINESS OR ORGANIZATION",,,,,,,USA,,"SR ISD SUPPORT TO HMA TOR 007, OY4",,,,,,,,,,,https://www.usaspending.gov/award/CONT_AWD_W911NF21F0036_9700_W911NF17D0010_9700/,2026-03-06 00:00:00+00
CONT_AWD_19AQMM20C0041_1900_-NONE-_-NONE-,19AQMM20C0041,,442260483.69,,,,,,,2020-03-17,2020,2026-01-29,2026,2020-03-17,2026-09-15,2026-09-15,019,Department of State (DOS),1900,"STATE, DEPARTMENT OF",19AQMM,ACQUISITIONS - AQM MOMENTUM,019,Department of State (DOS),1900,"STATE, DEPARTMENT OF",19X0B0,BUREAU OF OVERSEAS BUILDINGS OPS,,,,,XXNJCWMAKNH8,,"B.L. HARBERT INTERNATIONAL, L.L.C.",,XXNJCWMAKNH8,,BL HARBERT INTERNATIONAL LLC,USA,UNITED STATES,820 SHADES CREEK PKWY STE 3000,BIRMINGHAM,01073,JEFFERSON,01,AL,ALABAMA,352094564,AL-06,AL-06,,"For Profit Organization,Limited Liability Company",,,,,,,352094564,,,THA,THAILAND,"DESIGN AND BUILD CONSTRUCTION OF NEW OFFICE ANNEX&CHANCERY RENOVATION IN BANGKOK, THAILAND",,236220,COMMERCIAL AND INSTITUTIONAL BUILDING CONSTRUCTION,,,sub-contract,3B0029A6-DC9A-4491-BD41-80627EF82D60,2026,3,HDVS CISCO,50286.00,2026-03-08,2026,Q2M4FYALZJ89,827714507,"IRON BOW TECHNOLOGIES, LLC",,,,,USA,UNITED STATES,2121 COOPERATIVE WAY STE 500,HERNDON,VA,VIRGINIA,20171-5346,VA-11,VA-11,,"FOR PROFIT ORGANIZATION,BUSINESS OR ORGANIZATION,LIMITED LIABILITY COMPANY",,,,,,,USA,,HDVS CISCO,Rene LaVigne,1601237.00,Sean Robertson,954405.00,Debra Yassin,496962.00,Mark Mercilliott,901729.00,Richard Hartman III,567852.00,https://www.usaspending.gov/award/CONT_AWD_19AQMM20C0041_1900_-NONE-_-NONE-/,2026-03-09 00:00:00+00
CONT_AWD_W81XWH22F0118_9700_W81XWH16D0024_9700,W81XWH22F0118,W81XWH16D0024,11999380.00,,,,,,,2022-09-18,2022,2024-02-02,2024,2022-09-22,2026-09-22,2026-09-22,097,Department of Defense (DOD),97DH,DEFENSE HEALTH AGENCY (DHA),HT9425,ARMY MED RES ACQ ACTIVITY,097,Department of Defense (DOD),2100,DEPT OF THE ARMY,W91ZSQ,W03J HQ CO USA MED DEV MAT CM,,,,,MKAGLD59JRL1,,UNIVERSITY OF PITTSBURGH THE,,MKAGLD59JRL1,,UNIVERSITY OF PITTSBURGH - OF THE COMMONWEALTH SYSTEM OF HIGHER EDUCATION,USA,UNITED STATES,3520 FIFTH AVE,PITTSBURGH,42003,ALLEGHENY,42,PA,PENNSYLVANIA,152133320,PA-12,PA-12,,"Non-Profit Organization,Educational Institution,State Controlled Institution of Higher Learning",PITTSBURGH,42003,ALLEGHENY,42,PA,PENNSYLVANIA,152600001,PA-12,PA-12,USA,UNITED STATES,NEW LITES ORDER TASK ORDER 0010 CAVALIER TRIAL,,541712,"RESEARCH AND DEVELOPMENT IN THE PHYSICAL, ENGINEERING, AND LIFE SCIENCES (EXCEPT BIOTECHNOLOGY)",,,sub-contract,3C980D68-C2E8-428C-BA4C-7BEC572328B8,2026,3,AWD00006474-18,200000.00,2026-03-03,2026,MWQZNZX74CG1,116984718,DIGNITY COMMUNITY CARE,,,,,USA,UNITED STATES,185 BERRY ST STE 200,SAN FRANCISCO,CA,CALIFORNIA,94107-1777,CA-11,CA-11,,"HOSPITAL,NON-PROFIT ORGANIZATION,BUSINESS OR ORGANIZATION",,,,,,,USA,,"TO SERVE AS A CLINICAL SITE FOR LITES STUDY TASK ORDER 010: CALCIUM AND VASOPRESSIN FOLLOWING INJURY EARLY RESUSCITATION (CAVALIER) TRIAL, A MULTI-YEAR, PHASE II DOUBLE-BLINDED, MULTI-CENTER, PREHOSPITAL AND EARLY IN-HOSPITAL RANDOMIZED TRIAL DESIGNED TO DETERMINE WHETHER PREHOSPITAL CALCIUM, EARLY IN-HOSPITAL VASOPRESSIN, OR BOTH AS COMPARED TO PLACEBO RESULTS IN LOWER 30-DAY MORTALITY IN PATIENTS AT RISK OF HEMORRHAGIC SHOCK.",,,,,,,,,,,https://www.usaspending.gov/award/CONT_AWD_W81XWH22F0118_9700_W81XWH16D0024_9700/,2026-03-09 00:00:00+00
CONT_AWD_W912D022F0129_9700_W912CN21D0025_9700,W912D022F0129,W912CN21D0025,5238562.94,Q: Not Designated Nonemergency/Emergency/Disaster/Wildfire Suppression,,,,,,2022-08-29,2022,2025-08-08,2025,2022-08-25,2026-08-31,2026-08-31,097,Department of Defense (DOD),2100,DEPT OF THE ARMY,W912D0,0413 AQ HQ     RCO-AK WAINWRIG,097,Department of Defense (DOD),2100,DEPT OF THE ARMY,WC1XR7,W6L7 USAG ALASKA,021-2022/2022-2020-000,021-2020,25.4: Operation and maintenance of facilities,0004: ADMINISTRATION AND SERVICE-WIDE ACTIVITIES,QA3CH4ZHCBG1,,"WELDIN CONSTRUCTION, LLC",,QA3CH4ZHCBG1,,WELDIN CONSTRUCTION LLC,USA,UNITED STATES,3050 E COTTLE LOOP,WASILLA,02170,MATANUSKA-SUSITNA,02,AK,ALASKA,996547252,AK-00,AK-00,,"Alaskan Native Corporation Owned Firm,Minority Owned Business,Self Certified Small Disadvantaged Business,For Profit Organization,Limited Liability Company,Native American Owned",FORT WAINWRIGHT,02090,FAIRBANKS NORTH STAR,02,AK,ALASKA,997030004,AK-00,AK-00,USA,UNITED STATES,CID-19001-9J REPAIR B1579,,236220,COMMERCIAL AND INSTITUTIONAL BUILDING CONSTRUCTION,,,sub-contract,5CF90B6E-B59E-40EE-8AE8-A6E373606523,2026,3,9-00004043,238893.00,2026-03-02,2026,JNGMKR7BRV13,161480785,CENTRAL ENVIRONMENTAL INC,,JNGMKR7BRV13,161480785,CENTRAL ENVIRONMENTAL INC,USA,UNITED STATES,229 E WHITNEY RD,ANCHORAGE,AK,ALASKA,99501-1616,AK-00,AK-00,,"ALASKAN NATIVE CORPORATION OWNED FIRM,INDIAN ECONOMIC ENTERPRISE,INDIAN SMALL BUSINESS ECONOMIC ENTERPRISE,MINORITY-OWNED BUSINESS,SELF CERTIFIED SMALL DISADVANTAGED BUSINESS,FOR PROFIT ORGANIZATION,BUSINESS OR ORGANIZATION,DOT CERTIFIED DBE,NATIVE AMERICAN OWNED",,,,,,,USA,,DEMOLITION,,,,,,,,,,,https://www.usaspending.gov/award/CONT_AWD_W912D022F0129_9700_W912CN21D0025_9700/,2026-03-09 00:00:00+00
CONT_AWD_19AQMM22C0032_1900_-NONE-_-NONE-,19AQMM22C0032,,264230940.00,,,,,,,2021-12-07,2022,2026-01-26,2026,2021-12-07,2025-07-04,2025-07-04,019,Department of State (DOS),1900,"STATE, DEPARTMENT OF",19AQMM,ACQUISITIONS - AQM MOMENTUM,019,Department of State (DOS),1900,"STATE, DEPARTMENT OF",19X0B0,BUREAU OF OVERSEAS BUILDINGS OPS,,,,,XXNJCWMAKNH8,,"B.L. HARBERT INTERNATIONAL, L.L.C.",,XXNJCWMAKNH8,,BL HARBERT INTERNATIONAL LLC,USA,UNITED STATES,820 SHADES CREEK PKWY STE 3000,BIRMINGHAM,01073,JEFFERSON,01,AL,ALABAMA,352094564,AL-06,AL-06,,"For Profit Organization,Limited Liability Company",,,,,,,352094564,,,MWI,MALAWI,"LILONGWE, MALAWI NEW EMBASSY COMPOUND, DESIGN AND CONSTRUCTION SERVICES.",,236220,COMMERCIAL AND INSTITUTIONAL BUILDING CONSTRUCTION,,,sub-contract,BBB4994B-71A0-4DD5-A104-5DF5093E32F5,2026,3,OBLS-08-010798,48113.88,2026-03-05,2026,CW52DR9J9DY4,121689590,"PWS INTERNATIONAL, INC.",,CW52DR9J9DY4,121689590,"PWS INTERNATIONAL, INC.",USA,UNITED STATES,2900 HORSESHOE LN,CHARLOTTE,NC,NORTH CAROLINA,28208-6433,NC-12,NC-12,,"FOR PROFIT ORGANIZATION,BUSINESS OR ORGANIZATION",,,,,,,USA,,NOB CURTAINWALL REPLACEMENT GLASS,,,,,,,,,,,https://www.usaspending.gov/award/CONT_AWD_19AQMM22C0032_1900_-NONE-_-NONE-/,2026-03-09 00:00:00+00
CONT_AWD_19AQMM22C0032_1900_-NONE-_-NONE-,19AQMM22C0032,,264230940.00,,,,,,,2021-12-07,2022,2026-01-26,2026,2021-12-07,2025-07-04,2025-07-04,019,Department of State (DOS),1900,"STATE, DEPARTMENT OF",19AQMM,ACQUISITIONS - AQM MOMENTUM,019,Department of State (DOS),1900,"STATE, DEPARTMENT OF",19X0B0,BUREAU OF OVERSEAS BUILDINGS OPS,,,,,XXNJCWMAKNH8,,"B.L. HARBERT INTERNATIONAL, L.L.C.",,XXNJCWMAKNH8,,BL HARBERT INTERNATIONAL LLC,USA,UNITED STATES,820 SHADES CREEK PKWY STE 3000,BIRMINGHAM,01073,JEFFERSON,01,AL,ALABAMA,352094564,AL-06,AL-06,,"For Profit Organization,Limited Liability Company",,,,,,,352094564,,,MWI,MALAWI,"LILONGWE, MALAWI NEW EMBASSY COMPOUND, DESIGN AND CONSTRUCTION SERVICES.",,236220,COMMERCIAL AND INSTITUTIONAL BUILDING CONSTRUCTION,,,sub-contract,EFCC4B77-AD18-4E55-A254-D5C5EC6A4201,2026,3,OBLS-08-010797,57558.45,2026-03-05,2026,CW52DR9J9DY4,121689590,"PWS INTERNATIONAL, INC.",,CW52DR9J9DY4,121689590,"PWS INTERNATIONAL, INC.",USA,UNITED STATES,2900 HORSESHOE LN,CHARLOTTE,NC,NORTH CAROLINA,28208-6433,NC-12,NC-12,,"FOR PROFIT ORGANIZATION,BUSINESS OR ORGANIZATION",,,,,,,USA,,NOB FEBR REPLACEMENT GLASS,,,,,,,,,,,https://www.usaspending.gov/award/CONT_AWD_19AQMM22C0032_1900_-NONE-_-NONE-/,2026-03-09 00:00:00+00
CONT_AWD_19AQMM22C0144_1900_-NONE-_-NONE-,19AQMM22C0144,,534371687.00,,,,,,,2022-09-28,2022,2026-01-29,2026,2022-09-28,2029-02-19,2029-02-19,019,Department of State (DOS),1900,"STATE, DEPARTMENT OF",19AQMM,ACQUISITIONS - AQM MOMENTUM,019,Department of State (DOS),1900,"STATE, DEPARTMENT OF",19X0B0,BUREAU OF OVERSEAS BUILDINGS OPS,,,,,XXNJCWMAKNH8,,"B.L. HARBERT INTERNATIONAL, L.L.C.",,XXNJCWMAKNH8,,BL HARBERT INTERNATIONAL LLC,USA,UNITED STATES,820 SHADES CREEK PKWY STE 3000,BIRMINGHAM,01073,JEFFERSON,01,AL,ALABAMA,352094564,AL-06,AL-06,,"For Profit Organization,Limited Liability Company",,,,,,,352094564,,,COD,CONGO (KINSHASA),NEC - KINSHASA REPUBLIC OF CONGO,,236220,COMMERCIAL AND INSTITUTIONAL BUILDING CONSTRUCTION,,,sub-contract,1399A4F0-B8C2-4426-ACFB-46879AC2DD21,2026,3,ANLS-06-006145,45250.00,2026-03-09,2026,NT7FK8MJK4M5,004027157,MID-SOUTH LUMBER CO INC,,NT7FK8MJK4M5,004027157,MID-SOUTH LUMBER CO INC,USA,UNITED STATES,2 15TH ST W,BIRMINGHAM,AL,ALABAMA,35208-5422,AL-07,AL-07,,"FOR PROFIT ORGANIZATION,BUSINESS OR ORGANIZATION",,,,,,,USA,,WOOD BLOCKING FOR ALL INTERIOR BUILDINGS,,,,,,,,,,,https://www.usaspending.gov/award/CONT_AWD_19AQMM22C0144_1900_-NONE-_-NONE-/,2026-03-09 00:00:00+00
CONT_AWD_W58RGZ26F0023_9700_W58RGZ18D0001_9700,W58RGZ26F0023,W58RGZ18D0001,15813065.00,,,,,,,2025-12-01,2026,2025-12-01,2026,2025-12-01,2028-11-21,2028-11-21,097,Department of Defense (DOD),2100,DEPT OF THE ARMY,W58RGZ,W6QK ACC-RSA,097,Department of Defense (DOD),2100,DEPT OF THE ARMY,W81YTA,W6DQ PEO AVN HUNTSVILLE,,,,,NWKQVQED4C81,,DEFENSE SYSTEMS AND SOLUTIONS,,NWKQVQED4C81,,DEFENSE SYSTEMS AND SOLUTIONS,USA,UNITED STATES,631 DISCOVERY DR,HUNTSVILLE,01089,MADISON,01,AL,ALABAMA,358062801,AL-05,AL-05,,"Alaskan Native Corporation Owned Firm,Minority Owned Business,Self Certified Small Disadvantaged Business,For Profit Organization,Manufacturer of Goods,Native American Owned",HUNTSVILLE,01089,MADISON,01,AL,ALABAMA,358081336,AL-05,AL-05,USA,UNITED STATES,"REQUIRED TO SUPPORT THE FOREIGN MILITARY SALES (FMS) REQUIREMENTS FOR THE CH-47F PROJECT MANAGEMENT OFFICE, CARGO HELICOPTERS.  THE PIF WILL PROVIDE SPECIAL TOOLS AND TEST EQUIPMENT (STTE) TO SUPPORT CH-47 AIRCRAFT FOR GERMANY.",,336413,OTHER AIRCRAFT PARTS AND AUXILIARY EQUIPMENT MANUFACTURING,,,sub-contract,37865A68-C63A-43BB-BCA4-AD9D5192867D,2026,3,D26P000315,42137.82,2026-03-09,2026,JK5AQHBFGWW9,145241993,SWIFT TECH LLC,,,,,USA,UNITED STATES,275 MARCUS BLVD UNIT A,HAUPPAUGE,NY,NEW YORK,11788,NY-01,NY-90,,"FOR PROFIT ORGANIZATION,BUSINESS OR ORGANIZATION,LIMITED LIABILITY COMPANY",,,,,,,USA,,MATERIALS IN SUPPORT OF THE REFERENCED PRIME CONTRACT.,,,,,,,,,,,https://www.usaspending.gov/award/CONT_AWD_W58RGZ26F0023_9700_W58RGZ18D0001_9700/,2026-03-09 00:00:00+00
CONT_AWD_19AQMM20C0041_1900_-NONE-_-NONE-,19AQMM20C0041,,442260483.69,,,,,,,2020-03-17,2020,2026-01-29,2026,2020-03-17,2026-09-15,2026-09-15,019,Department of State (DOS),1900,"STATE, DEPARTMENT OF",19AQMM,ACQUISITIONS - AQM MOMENTUM,019,Department of State (DOS),1900,"STATE, DEPARTMENT OF",19X0B0,BUREAU OF OVERSEAS BUILDINGS OPS,,,,,XXNJCWMAKNH8,,"B.L. HARBERT INTERNATIONAL, L.L.C.",,XXNJCWMAKNH8,,BL HARBERT INTERNATIONAL LLC,USA,UNITED STATES,820 SHADES CREEK PKWY STE 3000,BIRMINGHAM,01073,JEFFERSON,01,AL,ALABAMA,352094564,AL-06,AL-06,,"For Profit Organization,Limited Liability Company",,,,,,,352094564,,,THA,THAILAND,"DESIGN AND BUILD CONSTRUCTION OF NEW OFFICE ANNEX&CHANCERY RENOVATION IN BANGKOK, THAILAND",,236220,COMMERCIAL AND INSTITUTIONAL BUILDING CONSTRUCTION,,,sub-contract,2D4033A5-4A4F-4D0B-857B-3FEC20F562D0,2026,3,IBLS-22-013499,48785.60,2026-03-05,2026,XYLHQNEJ8VG5,125741017,"SOUTHERN PIPE & SUPPLY COMPANY, INC",,LGDAQ5VAM6T3,004027280,"SOUTHERN PIPE & SUPPLY COMPANY, INC.",USA,UNITED STATES,3012 BROADWAY,ALEXANDRIA,LA,LOUISIANA,71302-4405,,LA-06,,BUSINESS OR ORGANIZATION,,,,,,,USA,,WTP ROOM COPPER PIPE MUO,,,,,,,,,,,https://www.usaspending.gov/award/CONT_AWD_19AQMM20C0041_1900_-NONE-_-NONE-/,2026-03-09 00:00:00+00
CONT_AWD_W9133L25FA046_9700_W9133L25DA023_9700,W9133L25FA046,W9133L25DA023,7441291.52,,,,,,,2025-09-23,2025,2025-09-23,2025,2025-09-23,2026-06-21,2026-06-21,097,Department of Defense (DOD),2100,DEPT OF THE ARMY,W9133L,W39L USA NG READINESS CENTER,097,Department of Defense (DOD),2100,DEPT OF THE ARMY,W81MNB,W00Q NATIONAL GUARD BUREAU,,,,,L8BNTYVF45P7,,"BERING STRAITS PROFESSIONAL SERVICES, LLC",,L8BNTYVF45P7,,BERING STRAITS PROFESSIONAL SERVICES  LLC,USA,UNITED STATES,3301 C ST STE 400,ANCHORAGE,02020,ANCHORAGE,02,AK,ALASKA,99503,AK-00,AK-00,,"Alaskan Native Corporation Owned Firm,Minority Owned Business,Self Certified Small Disadvantaged Business,For Profit Organization,Limited Liability Company,Native American Owned",LEXINGTON,21067,FAYETTE,21,KY,KENTUCKY,405169721,KY-06,KY-06,USA,UNITED STATES,"CONSEQUENCE MANAGEMENT SUPPORT CENTER (COMSUPCEN) OMNIBUS SERVICES IN LEXINGTON, KY, TASK ORDER IN SUPPORT OF THE NGB CHEMICAL, BIOLOGICAL, RADIOLOGICAL, NUCLEAR, HIGH-YIELD EXPLOSIVES (CBRNE) MISSION.",,541614,"PROCESS, PHYSICAL DISTRIBUTION, AND LOGISTICS CONSULTING SERVICES",,,sub-contract,13782260-DA8E-49AD-8EC5-BA72326D0382,2026,3,PS0-1204EJ CST,47960.05,2026-03-10,2026,YLE5AAYNVPK6,107910259,"NOBLE SUPPLY & LOGISTICS, LLC",,,,,USA,UNITED STATES,"1 MARINA PARK DRIVE, SUITE 220",BOSTON,MA,MASSACHUSETTS,02210-1873,MA-07,MA-07,,"FOR PROFIT ORGANIZATION,BUSINESS OR ORGANIZATION",,,,,,,USA,,TO FULFILL THE REQUEST OF THE NATIONAL GUARD - PER NGB DIRECTIVE,Robert  Masson,812863.00,Jay Basnight,562153.00,Shaelyn  Washburn,631313.00,Vincent  Griffith,537461.00,Erica Wolfkill,476345.00,https://www.usaspending.gov/award/CONT_AWD_W9133L25FA046_9700_W9133L25DA023_9700/,2026-03-10 00:00:00+00
CONT_AWD_N6274222F9927_9700_N6274219D1331_9700,N6274222F9927,N6274219D1331,79699927.92,,,,,,,2022-05-04,2022,2025-10-17,2026,2022-05-04,2025-12-31,2025-12-31,097,Department of Defense (DOD),1700,DEPT OF THE NAVY,N62742,NAVFACSYSCOM PACIFIC,097,Department of Defense (DOD),1700,DEPT OF THE NAVY,N62742,NAVFACSYSCOM PACIFIC,,,,,FLCJAVB9CWL7,,GILBANE SMCC ECC LLC,,FLCJAVB9CWL7,,GILBANE SMCC ECC LLC,USA,UNITED STATES,1655 GRANT ST STE 1200,CONCORD,06013,CONTRA COSTA,06,CA,CALIFORNIA,945202790,CA-02,CA-10,,For Profit Organization,YIGO,66010,GUAM,66,GU,GUAM,969292309,GU-98,GU-98,USA,UNITED STATES,FY22 P-306 COMBAT LOGISTICS BATTALION-4,,236220,COMMERCIAL AND INSTITUTIONAL BUILDING CONSTRUCTION,,,sub-contract,ACC546E4-B42A-4981-B9B5-171990CD1671,2026,3,LGSE0F9927-047 CAMFIL USA INC,30950.00,2026-03-04,2026,CDCLM21H1NH3,008354821,CAMFIL USA INC,,V53VLLLH8DJ6,,CAMFIL USA INC,USA,UNITED STATES,1 N CORPORATE DR,RIVERDALE,NJ,NEW JERSEY,07457-1715,NJ-11,NJ-11,,"FOR PROFIT ORGANIZATION,BUSINESS OR ORGANIZATION,MANUFACTURER OF GOODS",,,,,,,USA,,COMMISSIONING (START-UP/TRAINING),,,,,,,,,,,https://www.usaspending.gov/award/CONT_AWD_N6274222F9927_9700_N6274219D1331_9700/,2026-03-10 00:00:00+00
CONT_AWD_N6600125F0495_9700_N6600121D0452_9700,N6600125F0495,N6600121D0452,6188357.64,,,,,,,2025-05-08,2025,2025-06-09,2025,2025-05-09,2026-05-08,2026-05-08,097,Department of Defense (DOD),1700,DEPT OF THE NAVY,N66001,NIWC PACIFIC,097,Department of Defense (DOD),1700,DEPT OF THE NAVY,N66001,NIWC PACIFIC,,,,,NEQUZGMGAKJ7,,"ALUTIIQ INFORMATION MANAGEMENT, LLC.",,NEQUZGMGAKJ7,,ALUTIIQ INFORMATION MANAGEMENT  LLC,USA,UNITED STATES,3909 ARCTIC BLVD STE 500,ANCHORAGE,02020,ANCHORAGE,02,AK,ALASKA,995035793,AK-00,AK-00,,"Alaskan Native Corporation Owned Firm,Tribally Owned Firm,Minority Owned Business,Self Certified Small Disadvantaged Business,For Profit Organization,Limited Liability Company,Native American Owned",SAN DIEGO,06073,SAN DIEGO,06,CA,CALIFORNIA,921525008,CA-50,CA-50,USA,UNITED STATES,EHSS SERVICES SUPPORT (OPM),,541519,OTHER COMPUTER RELATED SERVICES,,,sub-contract,6889F71B-7925-4514-B076-195E15137771,2026,3,27HAL00666,45726.00,2026-03-10,2026,MPXDWBJXLLQ6,197761869,"CLINT PRECISION MANUFACTURING, INC",,MPXDWBJXLLQ6,197761869,"CLINT PRECISION MANUFACTURING, INC",USA,UNITED STATES,7665 FORMULA PL STE A,SAN DIEGO,CA,CALIFORNIA,92121,CA-51,CA-50,,"FOR PROFIT ORGANIZATION,BUSINESS OR ORGANIZATION,DOT CERTIFIED DBE,SMALL BUSINESS JOINT VENTURE,MANUFACTURER OF GOODS,SUBCHAPTER S CORPORATION",,,,,,,USA,,ANTENNA PARTS.,,,,,,,,,,,https://www.usaspending.gov/award/CONT_AWD_N6600125F0495_9700_N6600121D0452_9700/,2026-03-10 00:00:00+00
CONT_AWD_140G0326F0028_1434_140G0321D0002_1434,140G0326F0028,140G0321D0002,300602.40,,,,,,,2026-02-26,2026,2026-02-26,2026,2026-02-26,2026-07-31,2026-07-31,014,Department of the Interior (DOI),1434,US GEOLOGICAL SURVEY,140G03,OFFICE OF ACQUISITON  GRANTS,014,Department of the Interior (DOI),1434,US GEOLOGICAL SURVEY,140G03,OFFICE OF ACQUISITON  GRANTS,,,,,RR2VC8Y3MK47,,"NATIONWIDE IT SERVICES, INC.",,RR2VC8Y3MK47,,NATIONWIDE IT SERVICES INC,USA,UNITED STATES,4025 FAIR RIDGE DR STE 300,FAIRFAX,51059,FAIRFAX,51,VA,VIRGINIA,220332865,VA-11,VA-11,,"Minority Owned Business,Self Certified Small Disadvantaged Business,For Profit Organization,Veteran Owned Business,Asian-Pacific American Owned,Service Disabled Veteran Owned Business",FAIRFAX,51059,FAIRFAX,51,VA,VIRGINIA,220332865,VA-11,VA-11,USA,UNITED STATES,140G0321D0002/140G0326F0028  TASK ORDER 1.5 (130) - ISS APPLICATION SERVICES,,541512,COMPUTER SYSTEMS DESIGN SERVICES,,,sub-contract,9DC80196-C6B5-4888-9289-A66DFF074D8C,2026,3,S-21-ASTORSANDERS-140G0321D0002-,40963.92,2026-03-01,2026,N5S6QK42XJN1,131499316,ASTOR & SANDERS CORPORATION,,,,,USA,UNITED STATES,1749 OLD MEADOW RD STE 300,MCLEAN,VA,VIRGINIA,22102-4323,VA-11,VA-11,,"MINORITY-OWNED BUSINESS,FOR PROFIT ORGANIZATION,WOMEN-OWNED SMALL BUSINESS,WOMEN-OWNED BUSINESS,BUSINESS OR ORGANIZATION,SUBCONTINENT ASIAN (ASIAN-INDIAN) AMERICAN OWNED,SUBCHAPTER S CORPORATION",,,,,,,USA,,"SUBCONTRACTOR WILL PROVIDE TECHNICAL SUPPORT TO MAINTAIN SHAREPOINT, .NET APPLICATIONS.",,,,,,,,,,,https://www.usaspending.gov/award/CONT_AWD_140G0326F0028_1434_140G0321D0002_1434/,2026-03-10 00:00:00+00
CONT_AWD_W58RGZ25F0212_9700_W58RGZ18D0001_9700,W58RGZ25F0212,W58RGZ18D0001,23967605.00,,,,,,,2025-07-24,2025,2025-07-24,2025,2025-07-24,2028-02-25,2028-02-25,097,Department of Defense (DOD),2100,DEPT OF THE ARMY,W58RGZ,W6QK ACC-RSA,097,Department of Defense (DOD),2100,DEPT OF THE ARMY,W81YUF,W6DQ PEO AVN HUNTSVILLE,,,,,NWKQVQED4C81,,DEFENSE SYSTEMS AND SOLUTIONS,,NWKQVQED4C81,,DEFENSE SYSTEMS AND SOLUTIONS,USA,UNITED STATES,631 DISCOVERY DR,HUNTSVILLE,01089,MADISON,01,AL,ALABAMA,358062801,AL-05,AL-05,,"Alaskan Native Corporation Owned Firm,Minority Owned Business,Self Certified Small Disadvantaged Business,For Profit Organization,Manufacturer of Goods,Native American Owned",HUNTSVILLE,01089,MADISON,01,AL,ALABAMA,358081336,AL-05,AL-05,USA,UNITED STATES,"PERSONNEL, MATERIALS, FACILITIES, AND SERVICES REQUIRED TO PROCURE THE MODIFICATION KITS FOR UH-60M AIRCRAFT IN THE UNIQUE GREECE HELLENIC ARMY CONFIGURATION AND SHORT-TERM STORAGE FOR TWELVE (12) AIRCRAFT FOR UP TO SIX (6) MONTHS.",,336413,OTHER AIRCRAFT PARTS AND AUXILIARY EQUIPMENT MANUFACTURING,,,sub-contract,963F9DB8-9170-4CC4-BE5D-CAA7A2AAF3D5,2026,3,D26P000300,298100.64,2026-03-10,2026,LNHMPKHDLAQ3,020790705,DEFENSE & DEVELOPMENT ENTERPRISES LLC,,,,,USA,UNITED STATES,3355 ENTERPRISE AVE # 100,WESTON,FL,FLORIDA,33331-3524,FL-25,FL-25,,"FOR PROFIT ORGANIZATION,BUSINESS OR ORGANIZATION,LIMITED LIABILITY COMPANY",,,,,,,USA,,MATERIALS IN SUPPORT OF THE REFERENCED PRIME CONTRACT.,,,,,,,,,,,https://www.usaspending.gov/award/CONT_AWD_W58RGZ25F0212_9700_W58RGZ18D0001_9700/,2026-03-10 00:00:00+00
CONT_AWD_693JJ321F000103_6925_693JJ319A000013_6925,693JJ321F000103,693JJ319A000013,17104557.25,1: Non-emergency P.L. 117-58;E: Emergency P.L. 116-20;Q: Not Designated Nonemergency/Emergency/Disaster/Wildfire Suppression;Z: Emergency P.L. 117-58,,,11414263.20,12258220.09,15730944.97,2021-04-09,2021,2025-11-26,2026,2021-04-09,2026-04-30,2026-10-31,069,Department of Transportation (DOT),6925,FEDERAL HIGHWAY ADMINISTRATION,693JJ3,693JJ3 ACQUISITION AND GRANTS MGT,069,Department of Transportation (DOT),6925,FEDERAL HIGHWAY ADMINISTRATION,693129,FHWA - OFFICE OF MANAGEMENT SERVICE,069-069-2020/2022-0143-005;069-069-X-1732-005;069-X-0500-000;069-X-0548-000;069-X-8083-000,069-0143;069-0500;069-0548;069-1732;069-8083,25.1: Advisory and assistance services;25.3: Other goods and services from Federal sources;25.7: Operation and maintenance of equipment;31.0: Equipment,"0001: ADMINISTRATION OF DISCRETIONARY GRANT PROGRAMS;0001: EMERGENCY RELIEF PROGRAM (DIRECT);0001: HIGHWAY INFRASTRUCTURE PROGRAMS;0002: AWARD & OVERSIGHT;0029: RESEARCH, TECHNOLOGY AND EDUCATION PROGRAM;0032: ADMINISTRATION - LAE;0211: EXEMPT PROGRAMS",VMRTJLWMQRH7,,HALVIK CORP,,VMRTJLWMQRH7,,HALVIK CORP.,USA,UNITED STATES,1600 SPRING HILL RD,VIENNA,51059,FAIRFAX,51,VA,VIRGINIA,221822229,VA-11,VA-11,,"Self Certified Small Disadvantaged Business,For Profit Organization,Limited Liability Company",VIENNA,51059,FAIRFAX,51,VA,VIRGINIA,221822229,VA-11,VA-11,USA,UNITED STATES,"SOFTWARE ENGINEERING SUPPORT FOR POLICY APPLICATIONS INCLUDING TMAS, FUELS AND FASH, PIDP-ER AND HPMS",,541511,CUSTOM COMPUTER PROGRAMMING SERVICES,,,sub-contract,9EDA3BFB-DA3C-4BDB-9627-F6EEFDC18F72,2026,3,GEODECISIONS-FHWA-POLICYAPPS-M19,48975.00,2026-03-10,2026,KQFFDZKNM2C4,626408186,"GANNETT FLEMING, INC.",,,,,USA,UNITED STATES,207 SENATE AVE,CAMP HILL,PA,PENNSYLVANIA,17011-2316,PA-10,PA-10,,"FOR PROFIT ORGANIZATION,BUSINESS OR ORGANIZATION",,,,,,,USA,,MOD 19 - ADD FUNDING,,,,,,,,,,,https://www.usaspending.gov/award/CONT_AWD_693JJ321F000103_6925_693JJ319A000013_6925/,2026-03-10 00:00:00+00
CONT_AWD_68HERW26F0031_6800_68HERC25D0016_6800,68HERW26F0031,68HERC25D0016,144061.75,Q: Not Designated Nonemergency/Emergency/Disaster/Wildfire Suppression,,,,,,2026-01-29,2026,2026-01-30,2026,2026-01-29,2026-05-29,2026-05-29,068,Environmental Protection Agency (EPA),6800,ENVIRONMENTAL PROTECTION AGENCY,68HERW,"WATER, TRIBAL&SCIENCE DIVISION",068,Environmental Protection Agency (EPA),6800,ENVIRONMENTAL PROTECTION AGENCY,68H00R,OFC OF FINANCE&ADMIN (OFA)(FUNDING),068-2025/2026-0107-000;068-2025/2026-0108-000,068-0107;068-0108,25.4: Operation and maintenance of facilities,,HS3VC3KDDGJ6,,"DAWSON MCG, LLC",,HS3VC3KDDGJ6,,DAWSON MCG  LLC,USA,UNITED STATES,900 FORT STREET MALL STE 1850,HONOLULU,15003,HONOLULU,15,HI,HAWAII,968133707,HI-01,HI-01,,"Minority Owned Business,Self Certified Small Disadvantaged Business,For Profit Organization,Native Hawaiian Organization Owned Firm,Limited Liability Company,Native American Owned",CINCINNATI,39061,HAMILTON,39,OH,OHIO,452680008,OH-01,OH-01,USA,UNITED STATES,Z1AZ - TASK ORDER FOR ARC FLASH CORRECTIONS; CONTRACT #:68HERC25D0016,,561210,FACILITIES SUPPORT SERVICES,,,sub-contract,B05A2B84-9C02-4869-AA91-2DC634516375,2026,3,0006128,73440.00,2026-03-10,2026,PMWHJ86FJ6S5,,"QUEEN CITY ELECTRIC, INC.",,,,,USA,UNITED STATES,100 WASHINGTON STREET,HOOVEN,OH,OHIO,45033-7600,OH-01,OH-08,,,,,,,,,USA,,ELECTRICAL ARC FLASH REPAIR,,,,,,,,,,,https://www.usaspending.gov/award/CONT_AWD_68HERW26F0031_6800_68HERC25D0016_6800/,2026-03-10 00:00:00+00
